ip,url,status,timestamp,method,size
172.16.0.3,/orders,301,29/Nov/2025:06:58:26 +0530,POST,7700
192.168.1.10,/products,200,29/Nov/2025:06:58:29 +0530,PUT,4993
127.0.0.1,/orders,404,29/Nov/2025:06:58:34 +0530,PUT,3161
172.16.0.3,/cart,503,29/Nov/2025:06:58:32 +0530,POST,3100
103.21.244.0,/cart,301,29/Nov/2025:06:58:41 +0530,PUT,9972
172.16.0.3,/orders,301,29/Nov/2025:06:58:44 +0530,DELETE,1731
192.168.1.10,/login,400,29/Nov/2025:06:58:54 +0530,POST,394
172.16.0.3,/login,400,29/Nov/2025:06:58:58 +0530,DELETE,844
127.0.0.1,/orders,401,29/Nov/2025:06:59:06 +0530,POST,8323
127.0.0.1,/api/data,201,29/Nov/2025:06:58:48 +0530,PUT,7138
103.21.244.0,/products,403,29/Nov/2025:06:58:50 +0530,POST,7541
127.0.0.1,/api/data,400,29/Nov/2025:06:59:05 +0530,PUT,896
172.16.0.3,/cart,401,29/Nov/2025:06:59:17 +0530,GET,1700
103.21.244.0,/index,401,29/Nov/2025:06:59:02 +0530,POST,3682
103.21.244.0,/api/data,500,29/Nov/2025:06:59:42 +0530,PUT,5163
172.16.0.3,/products,400,29/Nov/2025:06:59:29 +0530,DELETE,3098
103.21.244.0,/cart,503,29/Nov/2025:06:59:32 +0530,PUT,4614
127.0.0.1,/cart,400,29/Nov/2025:06:59:58 +0530,DELETE,8211
192.168.1.10,/login,200,29/Nov/2025:06:59:14 +0530,GET,3903
127.0.0.1,/cart,200,29/Nov/2025:06:59:41 +0530,PUT,9914
127.0.0.1,/login,400,29/Nov/2025:06:58:52 +0530,PUT,952
127.0.0.1,/orders,503,29/Nov/2025:07:00:14 +0530,POST,9860
127.0.0.1,/api/data,302,29/Nov/2025:06:59:50 +0530,POST,2154
103.21.244.0,/api/data,403,29/Nov/2025:07:00:22 +0530,GET,2684
10.0.0.5,/health,404,29/Nov/2025:06:59:26 +0530,DELETE,4944
192.168.1.10,/login,503,29/Nov/2025:06:59:59 +0530,PUT,6380
192.168.1.10,/index,200,29/Nov/2025:07:00:34 +0530,GET,3933
103.21.244.0,/login,400,29/Nov/2025:07:00:05 +0530,PUT,5269
172.16.0.3,/index,302,29/Nov/2025:07:00:08 +0530,DELETE,1319
127.0.0.1,/api/data,302,29/Nov/2025:06:59:01 +0530,POST,8198
192.168.1.10,/login,302,29/Nov/2025:06:59:38 +0530,PUT,6523
192.168.1.10,/products,200,29/Nov/2025:06:59:40 +0530,POST,728
172.16.0.3,/index,401,29/Nov/2025:06:59:04 +0530,PUT,6304
10.0.0.5,/index,302,29/Nov/2025:07:01:02 +0530,DELETE,789
10.0.0.5,/index,201,29/Nov/2025:07:00:26 +0530,GET,536
127.0.0.1,/products,401,29/Nov/2025:06:59:48 +0530,POST,8166
103.21.244.0,/api/data,401,29/Nov/2025:07:00:32 +0530,PUT,1102
103.21.244.0,/products,401,29/Nov/2025:07:00:35 +0530,GET,7585
103.21.244.0,/cart,200,29/Nov/2025:06:59:54 +0530,POST,3090
127.0.0.1,/cart,404,29/Nov/2025:06:59:11 +0530,POST,7123
192.168.1.10,/products,200,29/Nov/2025:07:01:30 +0530,GET,9508
172.16.0.3,/login,200,29/Nov/2025:07:00:00 +0530,GET,2092
192.168.1.10,/health,400,29/Nov/2025:07:01:38 +0530,PUT,2610
172.16.0.3,/orders,401,29/Nov/2025:07:00:04 +0530,POST,3002
192.168.1.10,/health,400,29/Nov/2025:06:59:16 +0530,GET,8166
172.16.0.3,/login,302,29/Nov/2025:07:00:59 +0530,POST,3720
172.16.0.3,/login,301,29/Nov/2025:07:00:10 +0530,GET,9105
172.16.0.3,/orders,301,29/Nov/2025:06:59:19 +0530,PUT,4367
103.21.244.0,/products,500,29/Nov/2025:07:01:08 +0530,PUT,9491
10.0.0.5,/products,302,29/Nov/2025:07:00:16 +0530,PUT,8169
10.0.0.5,/orders,403,29/Nov/2025:07:01:14 +0530,POST,6640
10.0.0.5,/login,301,29/Nov/2025:07:00:20 +0530,DELETE,1334
172.16.0.3,/health,404,29/Nov/2025:06:59:24 +0530,POST,7612
192.168.1.10,/products,503,29/Nov/2025:07:02:22 +0530,PUT,914
172.16.0.3,/products,403,29/Nov/2025:07:02:30 +0530,GET,7921
103.21.244.0,/api/data,401,29/Nov/2025:06:59:28 +0530,POST,5431
10.0.0.5,/products,200,29/Nov/2025:06:59:30 +0530,POST,2846
103.21.244.0,/products,503,29/Nov/2025:07:00:36 +0530,PUT,6331
172.16.0.3,/cart,401,29/Nov/2025:07:01:44 +0530,PUT,3224
103.21.244.0,/index,403,29/Nov/2025:07:02:54 +0530,PUT,4800
127.0.0.1,/index,301,29/Nov/2025:06:59:34 +0530,POST,4772
10.0.0.5,/login,302,29/Nov/2025:06:59:35 +0530,GET,8420
127.0.0.1,/index,403,29/Nov/2025:06:59:36 +0530,PUT,8005
192.168.1.10,/products,400,29/Nov/2025:07:00:48 +0530,POST,7695
172.16.0.3,/api/data,301,29/Nov/2025:07:00:50 +0530,GET,3164
10.0.0.5,/login,500,29/Nov/2025:07:00:52 +0530,GET,1295
172.16.0.3,/health,401,29/Nov/2025:07:00:54 +0530,POST,4888
10.0.0.5,/products,503,29/Nov/2025:07:03:26 +0530,DELETE,5524
192.168.1.10,/health,302,29/Nov/2025:07:01:00 +0530,POST,4850
127.0.0.1,/index,500,29/Nov/2025:06:59:44 +0530,PUT,7132
10.0.0.5,/cart,500,29/Nov/2025:06:59:45 +0530,POST,6845
103.21.244.0,/login,201,29/Nov/2025:07:01:06 +0530,POST,3839
192.168.1.10,/orders,302,29/Nov/2025:06:59:47 +0530,POST,5374
10.0.0.5,/products,401,29/Nov/2025:07:03:54 +0530,DELETE,8014
172.16.0.3,/cart,201,29/Nov/2025:06:59:49 +0530,PUT,7741
192.168.1.10,/products,301,29/Nov/2025:07:04:06 +0530,POST,8372
127.0.0.1,/login,302,29/Nov/2025:07:04:10 +0530,DELETE,4656
10.0.0.5,/health,301,29/Nov/2025:07:02:47 +0530,GET,8162
127.0.0.1,/index,401,29/Nov/2025:06:59:55 +0530,POST,4650
10.0.0.5,/cart,401,29/Nov/2025:06:59:56 +0530,DELETE,7387
103.21.244.0,/index,503,29/Nov/2025:07:01:28 +0530,PUT,4845
103.21.244.0,/health,400,29/Nov/2025:07:01:32 +0530,DELETE,4307
127.0.0.1,/index,302,29/Nov/2025:07:04:42 +0530,GET,7539
103.21.244.0,/products,404,29/Nov/2025:07:03:11 +0530,PUT,9311
192.168.1.10,/health,200,29/Nov/2025:07:00:02 +0530,PUT,5179
192.168.1.10,/health,403,29/Nov/2025:07:03:17 +0530,GET,8193
192.168.1.10,/login,400,29/Nov/2025:07:01:42 +0530,GET,6458
172.16.0.3,/health,302,29/Nov/2025:07:03:23 +0530,PUT,1009
10.0.0.5,/cart,201,29/Nov/2025:07:00:06 +0530,DELETE,1581
192.168.1.10,/orders,503,29/Nov/2025:07:03:29 +0530,POST,1815
103.21.244.0,/api/data,301,29/Nov/2025:07:03:32 +0530,DELETE,1891
10.0.0.5,/api/data,500,29/Nov/2025:07:05:18 +0530,DELETE,3603
103.21.244.0,/cart,404,29/Nov/2025:07:01:54 +0530,GET,9488
103.21.244.0,/api/data,302,29/Nov/2025:07:05:26 +0530,GET,7915
127.0.0.1,/orders,403,29/Nov/2025:07:00:12 +0530,POST,4665
192.168.1.10,/health,404,29/Nov/2025:07:05:34 +0530,PUT,3501
172.16.0.3,/login,401,29/Nov/2025:07:03:50 +0530,PUT,3175
103.21.244.0,/products,302,29/Nov/2025:07:05:42 +0530,DELETE,6603
127.0.0.1,/orders,500,29/Nov/2025:07:02:06 +0530,POST,8367
103.21.244.0,/index,500,29/Nov/2025:07:05:50 +0530,PUT,7985
10.0.0.5,/products,503,29/Nov/2025:07:05:54 +0530,DELETE,7158
172.16.0.3,/login,503,29/Nov/2025:07:00:19 +0530,PUT,3125
10.0.0.5,/cart,401,29/Nov/2025:07:06:02 +0530,POST,9203
10.0.0.5,/products,500,29/Nov/2025:07:02:16 +0530,POST,2214
103.21.244.0,/login,401,29/Nov/2025:07:04:14 +0530,POST,5751
192.168.1.10,/products,403,29/Nov/2025:07:02:20 +0530,POST,4070
10.0.0.5,/orders,500,29/Nov/2025:07:00:24 +0530,PUT,8071
127.0.0.1,/products,302,29/Nov/2025:07:00:25 +0530,POST,5216
192.168.1.10,/login,503,29/Nov/2025:07:02:26 +0530,PUT,6872
103.21.244.0,/api/data,301,29/Nov/2025:07:02:28 +0530,DELETE,1246
103.21.244.0,/orders,200,29/Nov/2025:07:06:34 +0530,PUT,4193
103.21.244.0,/cart,301,29/Nov/2025:07:02:32 +0530,GET,8804
172.16.0.3,/cart,403,29/Nov/2025:07:02:34 +0530,POST,414
127.0.0.1,/cart,201,29/Nov/2025:07:00:31 +0530,PUT,2155
10.0.0.5,/orders,302,29/Nov/2025:07:04:44 +0530,POST,6800
103.21.244.0,/products,403,29/Nov/2025:07:00:33 +0530,POST,6721
103.21.244.0,/health,201,29/Nov/2025:07:02:44 +0530,PUT,2971
192.168.1.10,/health,503,29/Nov/2025:07:04:56 +0530,POST,3937
127.0.0.1,/cart,201,29/Nov/2025:07:04:59 +0530,DELETE,9837
10.0.0.5,/products,404,29/Nov/2025:07:07:14 +0530,PUT,4478
103.21.244.0,/orders,400,29/Nov/2025:07:07:18 +0530,DELETE,5050
172.16.0.3,/cart,503,29/Nov/2025:07:05:08 +0530,PUT,6593
192.168.1.10,/cart,200,29/Nov/2025:07:00:41 +0530,DELETE,7166
103.21.244.0,/cart,301,29/Nov/2025:07:00:42 +0530,GET,5940
192.168.1.10,/orders,400,29/Nov/2025:07:07:34 +0530,PUT,2180
103.21.244.0,/orders,401,29/Nov/2025:07:03:02 +0530,GET,5525
192.168.1.10,/index,403,29/Nov/2025:07:03:04 +0530,DELETE,5567
103.21.244.0,/api/data,201,29/Nov/2025:07:03:08 +0530,POST,6504
172.16.0.3,/index,404,29/Nov/2025:07:05:32 +0530,DELETE,5465
127.0.0.1,/login,503,29/Nov/2025:07:00:49 +0530,PUT,6042
10.0.0.5,/products,401,29/Nov/2025:07:08:02 +0530,POST,7389
10.0.0.5,/cart,503,29/Nov/2025:07:05:41 +0530,GET,284
172.16.0.3,/products,200,29/Nov/2025:07:08:10 +0530,POST,5049
192.168.1.10,/health,301,29/Nov/2025:07:08:14 +0530,PUT,1174
103.21.244.0,/products,403,29/Nov/2025:07:08:18 +0530,GET,3343
10.0.0.5,/index,400,29/Nov/2025:07:08:22 +0530,POST,9669
127.0.0.1,/api/data,302,29/Nov/2025:07:08:26 +0530,GET,1891
127.0.0.1,/products,200,29/Nov/2025:07:05:59 +0530,GET,7945
127.0.0.1,/cart,503,29/Nov/2025:07:08:42 +0530,POST,212
172.16.0.3,/health,404,29/Nov/2025:07:03:36 +0530,GET,6991
172.16.0.3,/api/data,200,29/Nov/2025:07:06:14 +0530,PUT,4251
10.0.0.5,/login,500,29/Nov/2025:07:03:40 +0530,GET,3011
10.0.0.5,/api/data,401,29/Nov/2025:07:01:04 +0530,PUT,5360
192.168.1.10,/login,500,29/Nov/2025:07:03:44 +0530,DELETE,5201
172.16.0.3,/index,404,29/Nov/2025:07:09:06 +0530,POST,1817
103.21.244.0,/products,500,29/Nov/2025:07:09:10 +0530,DELETE,8471
172.16.0.3,/api/data,301,29/Nov/2025:07:01:09 +0530,GET,1244
103.21.244.0,/login,400,29/Nov/2025:07:01:10 +0530,PUT,7110
103.21.244.0,/index,200,29/Nov/2025:07:06:41 +0530,GET,1985
103.21.244.0,/index,200,29/Nov/2025:07:09:30 +0530,POST,738
192.168.1.10,/login,400,29/Nov/2025:07:09:34 +0530,PUT,9672
127.0.0.1,/products,301,29/Nov/2025:07:06:50 +0530,POST,4271
172.16.0.3,/products,403,29/Nov/2025:07:06:53 +0530,DELETE,6080
192.168.1.10,/api/data,301,29/Nov/2025:07:06:56 +0530,POST,8137
10.0.0.5,/cart,201,29/Nov/2025:07:04:08 +0530,DELETE,3688
10.0.0.5,/index,401,29/Nov/2025:07:01:19 +0530,GET,8660
103.21.244.0,/orders,404,29/Nov/2025:07:01:21 +0530,DELETE,2058
192.168.1.10,/index,401,29/Nov/2025:07:04:18 +0530,DELETE,3587
10.0.0.5,/cart,201,29/Nov/2025:07:01:23 +0530,POST,5332
10.0.0.5,/api/data,301,29/Nov/2025:07:10:18 +0530,GET,8495
127.0.0.1,/cart,301,29/Nov/2025:07:10:22 +0530,GET,7438
10.0.0.5,/products,403,29/Nov/2025:07:01:26 +0530,GET,3042
172.16.0.3,/login,403,29/Nov/2025:07:01:27 +0530,POST,6040
172.16.0.3,/health,401,29/Nov/2025:07:10:34 +0530,GET,3883
103.21.244.0,/index,404,29/Nov/2025:07:10:38 +0530,POST,9680
127.0.0.1,/orders,200,29/Nov/2025:07:10:42 +0530,POST,1559
10.0.0.5,/api/data,400,29/Nov/2025:07:10:46 +0530,GET,5436
172.16.0.3,/cart,200,29/Nov/2025:07:10:50 +0530,DELETE,5800
192.168.1.10,/login,301,29/Nov/2025:07:10:54 +0530,POST,8794
10.0.0.5,/products,500,29/Nov/2025:07:07:50 +0530,PUT,6885
127.0.0.1,/login,503,29/Nov/2025:07:07:53 +0530,DELETE,8716
172.16.0.3,/health,404,29/Nov/2025:07:07:56 +0530,GET,8491
172.16.0.3,/index,503,29/Nov/2025:07:11:10 +0530,PUT,3829
10.0.0.5,/api/data,500,29/Nov/2025:07:11:14 +0530,DELETE,8412
10.0.0.5,/api/data,503,29/Nov/2025:07:01:39 +0530,POST,5407
192.168.1.10,/cart,400,29/Nov/2025:07:08:08 +0530,PUT,9355
192.168.1.10,/products,403,29/Nov/2025:07:11:26 +0530,POST,9780
10.0.0.5,/cart,404,29/Nov/2025:07:04:58 +0530,GET,6473
127.0.0.1,/products,200,29/Nov/2025:07:05:00 +0530,DELETE,7016
192.168.1.10,/cart,302,29/Nov/2025:07:08:20 +0530,POST,7223
103.21.244.0,/products,201,29/Nov/2025:07:05:04 +0530,PUT,3756
172.16.0.3,/cart,302,29/Nov/2025:07:01:46 +0530,GET,1312
10.0.0.5,/index,400,29/Nov/2025:07:08:32 +0530,POST,9257
103.21.244.0,/products,400,29/Nov/2025:07:05:12 +0530,GET,3432
10.0.0.5,/products,201,29/Nov/2025:07:05:14 +0530,GET,3314
10.0.0.5,/health,403,29/Nov/2025:07:12:06 +0530,POST,6566
127.0.0.1,/cart,401,29/Nov/2025:07:05:20 +0530,POST,2226
192.168.1.10,/cart,301,29/Nov/2025:07:12:18 +0530,GET,5413
172.16.0.3,/index,401,29/Nov/2025:07:12:22 +0530,GET,8344
192.168.1.10,/products,404,29/Nov/2025:07:01:56 +0530,DELETE,3089
103.21.244.0,/index,403,29/Nov/2025:07:05:28 +0530,GET,726
172.16.0.3,/api/data,400,29/Nov/2025:07:01:58 +0530,POST,1998
192.168.1.10,/health,301,29/Nov/2025:07:09:05 +0530,DELETE,3555
10.0.0.5,/api/data,201,29/Nov/2025:07:09:08 +0530,GET,3319
172.16.0.3,/orders,400,29/Nov/2025:07:12:46 +0530,DELETE,3125
127.0.0.1,/products,301,29/Nov/2025:07:02:02 +0530,PUT,4504
192.168.1.10,/index,404,29/Nov/2025:07:12:54 +0530,PUT,9977
172.16.0.3,/products,302,29/Nov/2025:07:02:04 +0530,DELETE,455
103.21.244.0,/index,403,29/Nov/2025:07:09:23 +0530,GET,3312
103.21.244.0,/api/data,200,29/Nov/2025:07:09:26 +0530,DELETE,689
103.21.244.0,/index,302,29/Nov/2025:07:13:10 +0530,POST,916
103.21.244.0,/health,401,29/Nov/2025:07:13:14 +0530,PUT,7394
10.0.0.5,/api/data,500,29/Nov/2025:07:02:09 +0530,POST,6046
103.21.244.0,/products,404,29/Nov/2025:07:13:22 +0530,PUT,9869
192.168.1.10,/index,500,29/Nov/2025:07:13:26 +0530,GET,3485
10.0.0.5,/login,503,29/Nov/2025:07:05:58 +0530,GET,6181
127.0.0.1,/api/data,401,29/Nov/2025:07:09:47 +0530,POST,3077
192.168.1.10,/products,500,29/Nov/2025:07:02:14 +0530,DELETE,8687
172.16.0.3,/cart,401,29/Nov/2025:07:02:15 +0530,DELETE,2859
103.21.244.0,/cart,403,29/Nov/2025:07:06:06 +0530,GET,3180
172.16.0.3,/index,403,29/Nov/2025:07:06:08 +0530,PUT,6658
127.0.0.1,/health,302,29/Nov/2025:07:13:54 +0530,PUT,2937
103.21.244.0,/orders,400,29/Nov/2025:07:10:05 +0530,POST,7408
127.0.0.1,/api/data,503,29/Nov/2025:07:10:08 +0530,DELETE,594
103.21.244.0,/products,201,29/Nov/2025:07:06:16 +0530,PUT,5250
192.168.1.10,/index,200,29/Nov/2025:07:10:14 +0530,GET,365
10.0.0.5,/products,500,29/Nov/2025:07:14:14 +0530,GET,7315
192.168.1.10,/index,404,29/Nov/2025:07:10:20 +0530,POST,846
103.21.244.0,/health,500,29/Nov/2025:07:02:25 +0530,POST,4391
10.0.0.5,/login,503,29/Nov/2025:07:10:26 +0530,GET,8387
172.16.0.3,/api/data,201,29/Nov/2025:07:14:30 +0530,POST,6732
10.0.0.5,/index,503,29/Nov/2025:07:14:34 +0530,DELETE,5416
127.0.0.1,/login,403,29/Nov/2025:07:10:35 +0530,PUT,9165
172.16.0.3,/orders,503,29/Nov/2025:07:06:36 +0530,GET,9261
172.16.0.3,/login,503,29/Nov/2025:07:14:54 +0530,DELETE,1250
172.16.0.3,/login,400,29/Nov/2025:07:02:35 +0530,POST,1375
10.0.0.5,/api/data,500,29/Nov/2025:07:06:46 +0530,POST,265
10.0.0.5,/orders,400,29/Nov/2025:07:10:59 +0530,POST,7518
103.21.244.0,/api/data,301,29/Nov/2025:07:02:38 +0530,PUT,453
192.168.1.10,/login,400,29/Nov/2025:07:02:39 +0530,PUT,7302
192.168.1.10,/health,201,29/Nov/2025:07:15:22 +0530,POST,2828
127.0.0.1,/api/data,403,29/Nov/2025:07:15:34 +0530,DELETE,4896
172.16.0.3,/products,404,29/Nov/2025:07:11:20 +0530,DELETE,4032
127.0.0.1,/cart,503,29/Nov/2025:07:02:45 +0530,PUT,1426
172.16.0.3,/index,200,29/Nov/2025:07:07:06 +0530,GET,6053
10.0.0.5,/api/data,201,29/Nov/2025:07:15:50 +0530,DELETE,4643
172.16.0.3,/cart,500,29/Nov/2025:07:11:32 +0530,PUT,5952
127.0.0.1,/api/data,401,29/Nov/2025:07:15:58 +0530,DELETE,6977
10.0.0.5,/orders,500,29/Nov/2025:07:02:50 +0530,PUT,7277
127.0.0.1,/api/data,400,29/Nov/2025:07:16:06 +0530,PUT,6646
127.0.0.1,/cart,404,29/Nov/2025:07:02:52 +0530,DELETE,5835
103.21.244.0,/index,500,29/Nov/2025:07:07:20 +0530,GET,917
127.0.0.1,/orders,500,29/Nov/2025:07:16:18 +0530,POST,4081
10.0.0.5,/products,301,29/Nov/2025:07:11:53 +0530,PUT,5133
103.21.244.0,/api/data,403,29/Nov/2025:07:16:26 +0530,PUT,7364
127.0.0.1,/login,404,29/Nov/2025:07:02:57 +0530,POST,3979
103.21.244.0,/api/data,302,29/Nov/2025:07:12:02 +0530,DELETE,4777
10.0.0.5,/orders,401,29/Nov/2025:07:07:32 +0530,DELETE,8284
10.0.0.5,/products,200,29/Nov/2025:07:07:36 +0530,PUT,2859
127.0.0.1,/orders,201,29/Nov/2025:07:12:17 +0530,PUT,329
127.0.0.1,/cart,400,29/Nov/2025:07:16:58 +0530,DELETE,2396
10.0.0.5,/cart,403,29/Nov/2025:07:03:05 +0530,DELETE,338
10.0.0.5,/index,302,29/Nov/2025:07:03:06 +0530,PUT,3754
192.168.1.10,/api/data,302,29/Nov/2025:07:17:10 +0530,GET,7120
172.16.0.3,/api/data,503,29/Nov/2025:07:12:32 +0530,POST,8185
10.0.0.5,/orders,401,29/Nov/2025:07:17:18 +0530,GET,9617
192.168.1.10,/api/data,503,29/Nov/2025:07:03:10 +0530,PUT,1224
103.21.244.0,/api/data,400,29/Nov/2025:07:12:41 +0530,PUT,2214
10.0.0.5,/cart,500,29/Nov/2025:07:17:30 +0530,POST,5989
103.21.244.0,/index,200,29/Nov/2025:07:03:13 +0530,DELETE,7979
127.0.0.1,/index,302,29/Nov/2025:07:17:38 +0530,PUT,6087
127.0.0.1,/index,301,29/Nov/2025:07:03:15 +0530,DELETE,7960
172.16.0.3,/health,500,29/Nov/2025:07:08:06 +0530,POST,3266
103.21.244.0,/cart,403,29/Nov/2025:07:17:54 +0530,PUT,3300
10.0.0.5,/orders,503,29/Nov/2025:07:17:58 +0530,DELETE,908
10.0.0.5,/api/data,401,29/Nov/2025:07:13:11 +0530,POST,7674
192.168.1.10,/health,500,29/Nov/2025:07:18:10 +0530,GET,9725
127.0.0.1,/index,301,29/Nov/2025:07:08:24 +0530,GET,9141
192.168.1.10,/products,401,29/Nov/2025:07:08:28 +0530,PUT,9422
192.168.1.10,/api/data,404,29/Nov/2025:07:03:28 +0530,PUT,6107
192.168.1.10,/login,400,29/Nov/2025:07:08:34 +0530,GET,9913
192.168.1.10,/health,403,29/Nov/2025:07:03:31 +0530,GET,8727
192.168.1.10,/products,401,29/Nov/2025:07:13:44 +0530,GET,7158
10.0.0.5,/orders,500,29/Nov/2025:07:18:54 +0530,PUT,9222
103.21.244.0,/products,404,29/Nov/2025:07:03:34 +0530,GET,9795
127.0.0.1,/api/data,401,29/Nov/2025:07:03:35 +0530,PUT,2910
192.168.1.10,/index,400,29/Nov/2025:07:19:06 +0530,DELETE,7992
10.0.0.5,/api/data,302,29/Nov/2025:07:13:59 +0530,PUT,3629
172.16.0.3,/products,500,29/Nov/2025:07:03:38 +0530,PUT,3412
103.21.244.0,/index,401,29/Nov/2025:07:19:18 +0530,PUT,5275
192.168.1.10,/index,500,29/Nov/2025:07:03:41 +0530,DELETE,4567
10.0.0.5,/login,500,29/Nov/2025:07:09:00 +0530,PUT,8262
127.0.0.1,/orders,201,29/Nov/2025:07:09:02 +0530,PUT,4426
172.16.0.3,/login,200,29/Nov/2025:07:03:45 +0530,PUT,9639
172.16.0.3,/orders,404,29/Nov/2025:07:03:46 +0530,POST,5162
192.168.1.10,/health,400,29/Nov/2025:07:03:48 +0530,POST,2022
10.0.0.5,/index,200,29/Nov/2025:07:14:35 +0530,POST,8813
127.0.0.1,/login,301,29/Nov/2025:07:20:02 +0530,DELETE,8055
192.168.1.10,/cart,503,29/Nov/2025:07:09:16 +0530,PUT,2228
10.0.0.5,/products,301,29/Nov/2025:07:03:52 +0530,GET,6274
192.168.1.10,/orders,401,29/Nov/2025:07:09:20 +0530,POST,432
10.0.0.5,/orders,500,29/Nov/2025:07:20:18 +0530,GET,4822
192.168.1.10,/orders,500,29/Nov/2025:07:03:55 +0530,PUT,3862
10.0.0.5,/health,200,29/Nov/2025:07:14:56 +0530,PUT,1305
127.0.0.1,/index,301,29/Nov/2025:07:09:28 +0530,GET,5005
172.16.0.3,/health,404,29/Nov/2025:07:20:34 +0530,PUT,8457
10.0.0.5,/api/data,401,29/Nov/2025:07:20:38 +0530,DELETE,3340
127.0.0.1,/login,201,29/Nov/2025:07:15:08 +0530,DELETE,8189
127.0.0.1,/cart,302,29/Nov/2025:07:09:36 +0530,PUT,4601
10.0.0.5,/api/data,401,29/Nov/2025:07:15:14 +0530,POST,3829
103.21.244.0,/orders,201,29/Nov/2025:07:09:40 +0530,DELETE,282
172.16.0.3,/cart,400,29/Nov/2025:07:20:58 +0530,PUT,3725
192.168.1.10,/cart,201,29/Nov/2025:07:15:23 +0530,POST,9475
103.21.244.0,/health,301,29/Nov/2025:07:09:46 +0530,POST,4680
192.168.1.10,/index,503,29/Nov/2025:07:15:29 +0530,PUT,285
192.168.1.10,/login,400,29/Nov/2025:07:09:52 +0530,POST,1834
10.0.0.5,/products,404,29/Nov/2025:07:21:22 +0530,POST,2030
10.0.0.5,/api/data,200,29/Nov/2025:07:09:56 +0530,PUT,2302
172.16.0.3,/api/data,500,29/Nov/2025:07:09:58 +0530,PUT,4907
10.0.0.5,/api/data,500,29/Nov/2025:07:10:00 +0530,PUT,6786
127.0.0.1,/api/data,403,29/Nov/2025:07:10:02 +0530,GET,9650
127.0.0.1,/login,500,29/Nov/2025:07:21:42 +0530,GET,1300
192.168.1.10,/orders,500,29/Nov/2025:07:21:46 +0530,PUT,1541
103.21.244.0,/login,201,29/Nov/2025:07:21:50 +0530,DELETE,7836
172.16.0.3,/index,200,29/Nov/2025:07:21:54 +0530,GET,5418
127.0.0.1,/products,401,29/Nov/2025:07:10:12 +0530,GET,700
103.21.244.0,/health,301,29/Nov/2025:07:16:08 +0530,PUT,2798
172.16.0.3,/products,201,29/Nov/2025:07:04:21 +0530,PUT,7111
10.0.0.5,/orders,302,29/Nov/2025:07:04:22 +0530,DELETE,6121
10.0.0.5,/orders,500,29/Nov/2025:07:04:23 +0530,PUT,8333
127.0.0.1,/health,201,29/Nov/2025:07:16:20 +0530,POST,2710
103.21.244.0,/orders,400,29/Nov/2025:07:10:24 +0530,POST,6477
103.21.244.0,/orders,200,29/Nov/2025:07:22:26 +0530,PUT,2816
103.21.244.0,/index,400,29/Nov/2025:07:16:29 +0530,PUT,3076
127.0.0.1,/orders,503,29/Nov/2025:07:22:34 +0530,PUT,4566
172.16.0.3,/orders,500,29/Nov/2025:07:22:38 +0530,POST,8349
127.0.0.1,/health,503,29/Nov/2025:07:10:36 +0530,GET,5433
172.16.0.3,/index,503,29/Nov/2025:07:04:32 +0530,PUT,1977
172.16.0.3,/cart,200,29/Nov/2025:07:22:54 +0530,PUT,1699
127.0.0.1,/health,401,29/Nov/2025:07:04:34 +0530,POST,7626
192.168.1.10,/cart,301,29/Nov/2025:07:16:53 +0530,GET,6539
103.21.244.0,/orders,401,29/Nov/2025:07:04:36 +0530,GET,2126
172.16.0.3,/cart,301,29/Nov/2025:07:04:37 +0530,DELETE,1358
103.21.244.0,/cart,404,29/Nov/2025:07:23:14 +0530,GET,6331
127.0.0.1,/cart,302,29/Nov/2025:07:17:05 +0530,PUT,795
127.0.0.1,/login,301,29/Nov/2025:07:23:22 +0530,POST,4485
172.16.0.3,/cart,201,29/Nov/2025:07:04:41 +0530,GET,6664
172.16.0.3,/orders,500,29/Nov/2025:07:10:58 +0530,POST,9453
172.16.0.3,/health,500,29/Nov/2025:07:11:00 +0530,DELETE,8081
10.0.0.5,/login,301,29/Nov/2025:07:23:38 +0530,POST,4543
127.0.0.1,/health,503,29/Nov/2025:07:17:23 +0530,PUT,9308
127.0.0.1,/cart,500,29/Nov/2025:07:11:06 +0530,DELETE,1944
127.0.0.1,/api/data,503,29/Nov/2025:07:17:29 +0530,DELETE,3187
103.21.244.0,/api/data,201,29/Nov/2025:07:17:32 +0530,PUT,2266
192.168.1.10,/api/data,200,29/Nov/2025:07:11:12 +0530,DELETE,1929
172.16.0.3,/products,302,29/Nov/2025:07:04:50 +0530,POST,1216
127.0.0.1,/index,200,29/Nov/2025:07:11:16 +0530,PUT,3898
172.16.0.3,/health,201,29/Nov/2025:07:11:18 +0530,GET,602
127.0.0.1,/cart,400,29/Nov/2025:07:24:14 +0530,PUT,1576
103.21.244.0,/api/data,500,29/Nov/2025:07:17:50 +0530,GET,4924
172.16.0.3,/api/data,400,29/Nov/2025:07:04:55 +0530,DELETE,7138
172.16.0.3,/api/data,403,29/Nov/2025:07:24:26 +0530,POST,3358
127.0.0.1,/api/data,201,29/Nov/2025:07:11:28 +0530,POST,2296
103.21.244.0,/products,401,29/Nov/2025:07:18:02 +0530,POST,3678
127.0.0.1,/health,500,29/Nov/2025:07:18:05 +0530,GET,7526
103.21.244.0,/health,301,29/Nov/2025:07:18:08 +0530,GET,697
10.0.0.5,/login,400,29/Nov/2025:07:18:11 +0530,GET,7552
192.168.1.10,/products,201,29/Nov/2025:07:05:02 +0530,POST,9901
127.0.0.1,/index,500,29/Nov/2025:07:24:54 +0530,PUT,7922
10.0.0.5,/api/data,201,29/Nov/2025:07:11:42 +0530,PUT,9668
172.16.0.3,/cart,401,29/Nov/2025:07:05:05 +0530,DELETE,5521
127.0.0.1,/products,200,29/Nov/2025:07:05:06 +0530,PUT,6668
10.0.0.5,/cart,503,29/Nov/2025:07:11:48 +0530,POST,8792
127.0.0.1,/products,200,29/Nov/2025:07:18:35 +0530,POST,9990
192.168.1.10,/cart,500,29/Nov/2025:07:05:10 +0530,PUT,471
192.168.1.10,/api/data,201,29/Nov/2025:07:18:41 +0530,PUT,582
103.21.244.0,/cart,200,29/Nov/2025:07:18:44 +0530,GET,7196
10.0.0.5,/cart,201,29/Nov/2025:07:18:47 +0530,PUT,6842
192.168.1.10,/index,301,29/Nov/2025:07:25:38 +0530,PUT,8711
192.168.1.10,/api/data,403,29/Nov/2025:07:12:04 +0530,GET,7037
103.21.244.0,/login,400,29/Nov/2025:07:12:08 +0530,GET,4112
10.0.0.5,/orders,201,29/Nov/2025:07:12:10 +0530,DELETE,6203
192.168.1.10,/health,302,29/Nov/2025:07:12:12 +0530,GET,6708
172.16.0.3,/orders,400,29/Nov/2025:07:12:14 +0530,PUT,2635
103.21.244.0,/cart,301,29/Nov/2025:07:12:16 +0530,PUT,4045
127.0.0.1,/health,400,29/Nov/2025:07:26:10 +0530,GET,2696
127.0.0.1,/health,401,29/Nov/2025:07:05:23 +0530,POST,6006
10.0.0.5,/login,403,29/Nov/2025:07:26:18 +0530,GET,5032
103.21.244.0,/index,200,29/Nov/2025:07:26:22 +0530,GET,5885
192.168.1.10,/products,201,29/Nov/2025:07:12:26 +0530,GET,3295
103.21.244.0,/api/data,401,29/Nov/2025:07:19:29 +0530,DELETE,5753
10.0.0.5,/products,302,29/Nov/2025:07:26:34 +0530,DELETE,3141
103.21.244.0,/cart,302,29/Nov/2025:07:19:35 +0530,PUT,3973
103.21.244.0,/orders,503,29/Nov/2025:07:05:30 +0530,GET,5030
192.168.1.10,/orders,404,29/Nov/2025:07:05:31 +0530,PUT,5523
103.21.244.0,/login,302,29/Nov/2025:07:12:40 +0530,GET,9887
192.168.1.10,/cart,404,29/Nov/2025:07:12:42 +0530,POST,5697
192.168.1.10,/cart,500,29/Nov/2025:07:27:02 +0530,GET,428
127.0.0.1,/login,401,29/Nov/2025:07:05:36 +0530,GET,9910
127.0.0.1,/index,404,29/Nov/2025:07:27:10 +0530,GET,8877
103.21.244.0,/index,404,29/Nov/2025:07:12:50 +0530,DELETE,8034
172.16.0.3,/cart,201,29/Nov/2025:07:27:18 +0530,PUT,3564
10.0.0.5,/login,503,29/Nov/2025:07:27:22 +0530,POST,2606
103.21.244.0,/health,201,29/Nov/2025:07:27:26 +0530,POST,9892
10.0.0.5,/products,401,29/Nov/2025:07:27:30 +0530,POST,7321
127.0.0.1,/health,301,29/Nov/2025:07:20:17 +0530,DELETE,747
192.168.1.10,/health,301,29/Nov/2025:07:13:02 +0530,PUT,4722
10.0.0.5,/orders,403,29/Nov/2025:07:27:42 +0530,POST,3645
10.0.0.5,/api/data,301,29/Nov/2025:07:05:46 +0530,GET,6522
127.0.0.1,/cart,400,29/Nov/2025:07:20:29 +0530,PUT,8633
10.0.0.5,/index,401,29/Nov/2025:07:20:32 +0530,GET,2134
10.0.0.5,/api/data,302,29/Nov/2025:07:20:35 +0530,DELETE,5483
103.21.244.0,/health,404,29/Nov/2025:07:05:51 +0530,GET,3990
192.168.1.10,/cart,404,29/Nov/2025:07:28:10 +0530,POST,4240
103.21.244.0,/health,404,29/Nov/2025:07:05:53 +0530,DELETE,8205
127.0.0.1,/api/data,403,29/Nov/2025:07:20:50 +0530,DELETE,1217
192.168.1.10,/cart,201,29/Nov/2025:07:20:53 +0530,GET,4281
127.0.0.1,/api/data,400,29/Nov/2025:07:05:56 +0530,DELETE,931
103.21.244.0,/api/data,403,29/Nov/2025:07:20:59 +0530,DELETE,7416
103.21.244.0,/cart,404,29/Nov/2025:07:13:30 +0530,PUT,1890
10.0.0.5,/api/data,400,29/Nov/2025:07:13:32 +0530,GET,6022
192.168.1.10,/products,201,29/Nov/2025:07:13:34 +0530,POST,5084
10.0.0.5,/health,302,29/Nov/2025:07:13:36 +0530,POST,7675
103.21.244.0,/cart,301,29/Nov/2025:07:21:14 +0530,PUT,300
10.0.0.5,/index,404,29/Nov/2025:07:28:54 +0530,PUT,3905
10.0.0.5,/login,400,29/Nov/2025:07:06:04 +0530,GET,8984
10.0.0.5,/products,500,29/Nov/2025:07:29:02 +0530,PUT,8167
10.0.0.5,/index,404,29/Nov/2025:07:29:06 +0530,GET,9116
10.0.0.5,/health,201,29/Nov/2025:07:29:10 +0530,GET,4847
192.168.1.10,/orders,201,29/Nov/2025:07:06:09 +0530,GET,6665
192.168.1.10,/health,503,29/Nov/2025:07:21:41 +0530,DELETE,2171
103.21.244.0,/orders,201,29/Nov/2025:07:29:30 +0530,PUT,6765
103.21.244.0,/health,404,29/Nov/2025:07:21:47 +0530,GET,2736
192.168.1.10,/index,401,29/Nov/2025:07:29:38 +0530,GET,6396
192.168.1.10,/api/data,500,29/Nov/2025:07:29:42 +0530,POST,8085
172.16.0.3,/orders,302,29/Nov/2025:07:29:46 +0530,PUT,1157
127.0.0.1,/api/data,301,29/Nov/2025:07:29:50 +0530,POST,2559
192.168.1.10,/cart,201,29/Nov/2025:07:22:02 +0530,PUT,4013
127.0.0.1,/products,201,29/Nov/2025:07:22:05 +0530,DELETE,3129
192.168.1.10,/health,500,29/Nov/2025:07:22:08 +0530,DELETE,3541
192.168.1.10,/health,302,29/Nov/2025:07:30:06 +0530,POST,5993
172.16.0.3,/api/data,201,29/Nov/2025:07:30:10 +0530,POST,9103
172.16.0.3,/products,201,29/Nov/2025:07:14:20 +0530,POST,9962
192.168.1.10,/index,404,29/Nov/2025:07:14:22 +0530,GET,5031
127.0.0.1,/login,500,29/Nov/2025:07:14:24 +0530,DELETE,2503
192.168.1.10,/login,301,29/Nov/2025:07:30:26 +0530,DELETE,5449
10.0.0.5,/cart,201,29/Nov/2025:07:06:27 +0530,PUT,7154
127.0.0.1,/login,302,29/Nov/2025:07:06:28 +0530,GET,8798
172.16.0.3,/cart,404,29/Nov/2025:07:14:32 +0530,DELETE,1047
127.0.0.1,/api/data,403,29/Nov/2025:07:06:31 +0530,DELETE,5510
192.168.1.10,/products,400,29/Nov/2025:07:30:50 +0530,PUT,6573
10.0.0.5,/index,500,29/Nov/2025:07:22:47 +0530,GET,3456
192.168.1.10,/products,404,29/Nov/2025:07:22:50 +0530,GET,604
172.16.0.3,/api/data,200,29/Nov/2025:07:22:53 +0530,POST,2918
10.0.0.5,/cart,401,29/Nov/2025:07:31:10 +0530,PUT,7454
192.168.1.10,/orders,401,29/Nov/2025:07:23:02 +0530,GET,4059
192.168.1.10,/login,403,29/Nov/2025:07:23:05 +0530,POST,7166
10.0.0.5,/orders,200,29/Nov/2025:07:23:11 +0530,POST,548
103.21.244.0,/index,503,29/Nov/2025:07:14:58 +0530,GET,6207
192.168.1.10,/health,400,29/Nov/2025:07:15:00 +0530,DELETE,9564
103.21.244.0,/login,500,29/Nov/2025:07:15:02 +0530,GET,5496
127.0.0.1,/products,500,29/Nov/2025:07:31:42 +0530,POST,6845
127.0.0.1,/login,302,29/Nov/2025:07:15:06 +0530,GET,9175
192.168.1.10,/orders,200,29/Nov/2025:07:31:50 +0530,DELETE,5142
10.0.0.5,/index,503,29/Nov/2025:07:31:54 +0530,POST,3599
10.0.0.5,/cart,404,29/Nov/2025:07:23:35 +0530,PUT,9273
127.0.0.1,/cart,401,29/Nov/2025:07:32:06 +0530,PUT,9352
103.21.244.0,/api/data,302,29/Nov/2025:07:15:18 +0530,GET,2268
10.0.0.5,/api/data,301,29/Nov/2025:07:32:14 +0530,POST,2707
192.168.1.10,/products,302,29/Nov/2025:07:23:53 +0530,PUT,4557
10.0.0.5,/orders,403,29/Nov/2025:07:15:26 +0530,POST,3538
10.0.0.5,/login,301,29/Nov/2025:07:06:57 +0530,DELETE,1436
103.21.244.0,/cart,503,29/Nov/2025:07:06:58 +0530,GET,1950
172.16.0.3,/login,302,29/Nov/2025:07:24:05 +0530,PUT,6299
192.168.1.10,/index,503,29/Nov/2025:07:24:08 +0530,DELETE,7492
127.0.0.1,/login,401,29/Nov/2025:07:24:11 +0530,POST,7320
172.16.0.3,/cart,400,29/Nov/2025:07:15:38 +0530,DELETE,1464
103.21.244.0,/cart,500,29/Nov/2025:07:15:40 +0530,PUT,8093
172.16.0.3,/products,301,29/Nov/2025:07:24:20 +0530,GET,1955
10.0.0.5,/orders,302,29/Nov/2025:07:24:23 +0530,GET,3490
172.16.0.3,/products,500,29/Nov/2025:07:15:48 +0530,GET,4887
103.21.244.0,/cart,403,29/Nov/2025:07:07:08 +0530,DELETE,1083
127.0.0.1,/login,302,29/Nov/2025:07:24:35 +0530,POST,9842
172.16.0.3,/products,200,29/Nov/2025:07:15:54 +0530,POST,9002
103.21.244.0,/cart,201,29/Nov/2025:07:24:41 +0530,GET,5612
192.168.1.10,/login,403,29/Nov/2025:07:07:12 +0530,GET,9315
103.21.244.0,/health,201,29/Nov/2025:07:24:47 +0530,DELETE,3484
127.0.0.1,/login,302,29/Nov/2025:07:33:38 +0530,POST,5795
192.168.1.10,/cart,503,29/Nov/2025:07:33:42 +0530,POST,225
127.0.0.1,/orders,500,29/Nov/2025:07:24:59 +0530,DELETE,8246
103.21.244.0,/login,302,29/Nov/2025:07:25:02 +0530,DELETE,5677
10.0.0.5,/health,403,29/Nov/2025:07:33:58 +0530,PUT,512
10.0.0.5,/health,301,29/Nov/2025:07:07:21 +0530,POST,8235
192.168.1.10,/login,503,29/Nov/2025:07:07:22 +0530,GET,6997
103.21.244.0,/cart,400,29/Nov/2025:07:34:14 +0530,PUT,4195
172.16.0.3,/products,403,29/Nov/2025:07:25:20 +0530,GET,8830
127.0.0.1,/index,503,29/Nov/2025:07:16:24 +0530,DELETE,3111
10.0.0.5,/api/data,400,29/Nov/2025:07:25:29 +0530,PUT,5957
172.16.0.3,/health,302,29/Nov/2025:07:07:28 +0530,GET,8726
192.168.1.10,/cart,400,29/Nov/2025:07:07:29 +0530,POST,4709
172.16.0.3,/api/data,403,29/Nov/2025:07:16:36 +0530,POST,5585
127.0.0.1,/api/data,301,29/Nov/2025:07:34:50 +0530,POST,2222
127.0.0.1,/cart,400,29/Nov/2025:07:16:40 +0530,GET,2856
10.0.0.5,/orders,503,29/Nov/2025:07:16:42 +0530,GET,1999
127.0.0.1,/orders,403,29/Nov/2025:07:25:53 +0530,POST,1525
127.0.0.1,/orders,503,29/Nov/2025:07:35:10 +0530,PUT,8977
103.21.244.0,/cart,503,29/Nov/2025:07:35:14 +0530,DELETE,9375
103.21.244.0,/cart,503,29/Nov/2025:07:16:52 +0530,POST,6679
192.168.1.10,/index,200,29/Nov/2025:07:07:40 +0530,DELETE,3078
103.21.244.0,/index,403,29/Nov/2025:07:26:11 +0530,POST,428
10.0.0.5,/api/data,200,29/Nov/2025:07:26:14 +0530,GET,6855
127.0.0.1,/login,200,29/Nov/2025:07:35:34 +0530,DELETE,1741
10.0.0.5,/index,500,29/Nov/2025:07:26:20 +0530,DELETE,826
103.21.244.0,/api/data,301,29/Nov/2025:07:07:45 +0530,PUT,633
103.21.244.0,/api/data,403,29/Nov/2025:07:26:26 +0530,POST,945
103.21.244.0,/api/data,404,29/Nov/2025:07:07:47 +0530,PUT,6820
103.21.244.0,/index,201,29/Nov/2025:07:35:58 +0530,POST,2441
172.16.0.3,/products,302,29/Nov/2025:07:17:14 +0530,POST,9869
192.168.1.10,/products,401,29/Nov/2025:07:17:16 +0530,GET,9399
10.0.0.5,/health,404,29/Nov/2025:07:17:22 +0530,POST,7141
172.16.0.3,/health,302,29/Nov/2025:07:26:53 +0530,DELETE,5035
10.0.0.5,/orders,404,29/Nov/2025:07:07:57 +0530,PUT,6952
192.168.1.10,/api/data,404,29/Nov/2025:07:36:34 +0530,GET,7394
103.21.244.0,/login,201,29/Nov/2025:07:08:00 +0530,PUT,627
127.0.0.1,/index,401,29/Nov/2025:07:08:01 +0530,DELETE,684
172.16.0.3,/health,302,29/Nov/2025:07:27:17 +0530,POST,5377
172.16.0.3,/index,403,29/Nov/2025:07:08:04 +0530,GET,4554
192.168.1.10,/health,503,29/Nov/2025:07:17:44 +0530,PUT,6769
172.16.0.3,/api/data,404,29/Nov/2025:07:17:46 +0530,POST,7746
10.0.0.5,/cart,503,29/Nov/2025:07:17:48 +0530,POST,9173
192.168.1.10,/products,404,29/Nov/2025:07:37:14 +0530,POST,5419
127.0.0.1,/orders,400,29/Nov/2025:07:37:18 +0530,PUT,8351
192.168.1.10,/cart,302,29/Nov/2025:07:37:22 +0530,POST,784
172.16.0.3,/api/data,200,29/Nov/2025:07:37:26 +0530,PUT,6623
103.21.244.0,/login,201,29/Nov/2025:07:37:34 +0530,PUT,8547
172.16.0.3,/index,500,29/Nov/2025:07:27:50 +0530,GET,3902
127.0.0.1,/orders,401,29/Nov/2025:07:27:53 +0530,GET,4155
192.168.1.10,/cart,500,29/Nov/2025:07:27:56 +0530,POST,7194
103.21.244.0,/products,500,29/Nov/2025:07:08:17 +0530,DELETE,2783
172.16.0.3,/api/data,401,29/Nov/2025:07:18:12 +0530,DELETE,4988
172.16.0.3,/login,403,29/Nov/2025:07:18:14 +0530,POST,5457
127.0.0.1,/login,201,29/Nov/2025:07:28:11 +0530,PUT,9541
10.0.0.5,/login,400,29/Nov/2025:07:38:10 +0530,PUT,2907
103.21.244.0,/cart,404,29/Nov/2025:07:28:17 +0530,POST,6238
172.16.0.3,/api/data,302,29/Nov/2025:07:38:22 +0530,PUT,9453
10.0.0.5,/orders,301,29/Nov/2025:07:18:26 +0530,PUT,483
103.21.244.0,/health,404,29/Nov/2025:07:38:30 +0530,POST,2306
103.21.244.0,/api/data,403,29/Nov/2025:07:28:35 +0530,PUT,7282
127.0.0.1,/api/data,404,29/Nov/2025:07:38:42 +0530,PUT,6521
192.168.1.10,/cart,302,29/Nov/2025:07:28:41 +0530,POST,7215
172.16.0.3,/cart,200,29/Nov/2025:07:28:44 +0530,DELETE,6350
127.0.0.1,/login,401,29/Nov/2025:07:08:33 +0530,DELETE,6032
10.0.0.5,/health,404,29/Nov/2025:07:18:42 +0530,POST,9936
10.0.0.5,/orders,400,29/Nov/2025:07:39:02 +0530,DELETE,1347
10.0.0.5,/api/data,400,29/Nov/2025:07:18:46 +0530,PUT,1578
10.0.0.5,/health,403,29/Nov/2025:07:18:48 +0530,POST,7250
192.168.1.10,/health,401,29/Nov/2025:07:39:18 +0530,GET,4784
127.0.0.1,/orders,401,29/Nov/2025:07:39:26 +0530,DELETE,850
192.168.1.10,/api/data,200,29/Nov/2025:07:29:14 +0530,DELETE,7077
127.0.0.1,/products,401,29/Nov/2025:07:19:00 +0530,GET,9957
103.21.244.0,/api/data,500,29/Nov/2025:07:08:44 +0530,GET,7226
10.0.0.5,/index,403,29/Nov/2025:07:39:42 +0530,DELETE,2036
10.0.0.5,/health,500,29/Nov/2025:07:08:46 +0530,GET,2095
10.0.0.5,/health,301,29/Nov/2025:07:29:29 +0530,PUT,1360
10.0.0.5,/health,401,29/Nov/2025:07:29:32 +0530,GET,4402
127.0.0.1,/cart,400,29/Nov/2025:07:29:35 +0530,POST,8046
10.0.0.5,/login,500,29/Nov/2025:07:29:41 +0530,POST,5253
192.168.1.10,/health,200,29/Nov/2025:07:29:47 +0530,DELETE,4745
127.0.0.1,/health,401,29/Nov/2025:07:08:54 +0530,POST,3796
127.0.0.1,/login,401,29/Nov/2025:07:08:55 +0530,GET,4670
192.168.1.10,/login,500,29/Nov/2025:07:08:56 +0530,PUT,4723
172.16.0.3,/cart,302,29/Nov/2025:07:19:28 +0530,POST,1810
103.21.244.0,/orders,201,29/Nov/2025:07:30:02 +0530,PUT,8577
10.0.0.5,/products,302,29/Nov/2025:07:08:59 +0530,GET,5284
127.0.0.1,/orders,404,29/Nov/2025:07:30:08 +0530,POST,8739
10.0.0.5,/orders,200,29/Nov/2025:07:30:11 +0530,PUT,7289
127.0.0.1,/api/data,503,29/Nov/2025:07:30:14 +0530,GET,9324
103.21.244.0,/cart,500,29/Nov/2025:07:19:40 +0530,GET,9727
172.16.0.3,/orders,404,29/Nov/2025:07:19:42 +0530,POST,9278
10.0.0.5,/health,404,29/Nov/2025:07:30:23 +0530,POST,9218
172.16.0.3,/health,401,29/Nov/2025:07:09:07 +0530,POST,5410
10.0.0.5,/index,500,29/Nov/2025:07:41:18 +0530,PUT,4717
192.168.1.10,/login,403,29/Nov/2025:07:19:54 +0530,PUT,4488
10.0.0.5,/cart,403,29/Nov/2025:07:19:56 +0530,PUT,1139
192.168.1.10,/products,503,29/Nov/2025:07:09:12 +0530,PUT,7005
192.168.1.10,/api/data,302,29/Nov/2025:07:41:34 +0530,POST,1711
127.0.0.1,/index,400,29/Nov/2025:07:41:38 +0530,PUT,6176
10.0.0.5,/orders,302,29/Nov/2025:07:41:42 +0530,GET,6071
172.16.0.3,/cart,503,29/Nov/2025:07:09:17 +0530,GET,8203
192.168.1.10,/cart,302,29/Nov/2025:07:09:18 +0530,POST,2768
127.0.0.1,/products,401,29/Nov/2025:07:09:19 +0530,POST,4871
10.0.0.5,/api/data,503,29/Nov/2025:07:42:02 +0530,GET,3963
103.21.244.0,/orders,201,29/Nov/2025:07:09:21 +0530,POST,5514
192.168.1.10,/orders,503,29/Nov/2025:07:42:10 +0530,DELETE,2860
103.21.244.0,/cart,302,29/Nov/2025:07:42:14 +0530,PUT,815
103.21.244.0,/orders,400,29/Nov/2025:07:31:20 +0530,PUT,7618
103.21.244.0,/health,401,29/Nov/2025:07:20:24 +0530,PUT,7892
10.0.0.5,/cart,400,29/Nov/2025:07:31:26 +0530,PUT,2108
172.16.0.3,/index,200,29/Nov/2025:07:31:29 +0530,GET,3413
103.21.244.0,/cart,400,29/Nov/2025:07:20:30 +0530,DELETE,9246
103.21.244.0,/cart,503,29/Nov/2025:07:42:38 +0530,POST,3706
192.168.1.10,/index,404,29/Nov/2025:07:31:38 +0530,PUT,7434
127.0.0.1,/orders,503,29/Nov/2025:07:42:46 +0530,GET,504
103.21.244.0,/cart,500,29/Nov/2025:07:09:32 +0530,POST,1182
172.16.0.3,/health,403,29/Nov/2025:07:20:40 +0530,POST,4849
172.16.0.3,/cart,302,29/Nov/2025:07:20:42 +0530,POST,3776
103.21.244.0,/login,400,29/Nov/2025:07:09:35 +0530,GET,2967
103.21.244.0,/orders,503,29/Nov/2025:07:43:06 +0530,POST,1402
10.0.0.5,/login,403,29/Nov/2025:07:20:48 +0530,POST,4698
192.168.1.10,/index,301,29/Nov/2025:07:32:05 +0530,POST,3642
127.0.0.1,/index,403,29/Nov/2025:07:20:54 +0530,POST,3513
172.16.0.3,/products,401,29/Nov/2025:07:32:11 +0530,GET,3565
103.21.244.0,/index,301,29/Nov/2025:07:09:42 +0530,GET,7631
103.21.244.0,/index,404,29/Nov/2025:07:43:34 +0530,DELETE,2553
127.0.0.1,/products,301,29/Nov/2025:07:21:02 +0530,DELETE,5511
172.16.0.3,/login,302,29/Nov/2025:07:09:45 +0530,PUT,6535
127.0.0.1,/api/data,200,29/Nov/2025:07:43:46 +0530,DELETE,4681
172.16.0.3,/login,401,29/Nov/2025:07:43:50 +0530,PUT,9540
172.16.0.3,/health,200,29/Nov/2025:07:43:54 +0530,PUT,2088
127.0.0.1,/health,200,29/Nov/2025:07:32:35 +0530,GET,6637
103.21.244.0,/health,302,29/Nov/2025:07:32:38 +0530,POST,9903
127.0.0.1,/login,201,29/Nov/2025:07:32:41 +0530,DELETE,9776
103.21.244.0,/products,401,29/Nov/2025:07:21:18 +0530,POST,2952
10.0.0.5,/index,401,29/Nov/2025:07:09:53 +0530,PUT,9506
10.0.0.5,/products,201,29/Nov/2025:07:09:54 +0530,PUT,253
192.168.1.10,/orders,500,29/Nov/2025:07:44:22 +0530,POST,8094
103.21.244.0,/cart,301,29/Nov/2025:07:44:26 +0530,PUT,1908
192.168.1.10,/index,404,29/Nov/2025:07:21:28 +0530,PUT,9861
192.168.1.10,/products,500,29/Nov/2025:07:33:05 +0530,GET,2000
192.168.1.10,/health,500,29/Nov/2025:07:44:42 +0530,POST,1095
172.16.0.3,/health,200,29/Nov/2025:07:21:36 +0530,PUT,1544
127.0.0.1,/orders,400,29/Nov/2025:07:33:14 +0530,DELETE,4968
172.16.0.3,/login,503,29/Nov/2025:07:33:17 +0530,PUT,4218
192.168.1.10,/health,500,29/Nov/2025:07:44:58 +0530,DELETE,5627
10.0.0.5,/api/data,500,29/Nov/2025:07:33:23 +0530,POST,9664
127.0.0.1,/orders,404,29/Nov/2025:07:45:06 +0530,GET,7577
127.0.0.1,/health,301,29/Nov/2025:07:33:29 +0530,PUT,9460
172.16.0.3,/api/data,403,29/Nov/2025:07:33:32 +0530,DELETE,2727
192.168.1.10,/orders,404,29/Nov/2025:07:21:52 +0530,DELETE,4090
103.21.244.0,/products,200,29/Nov/2025:07:10:10 +0530,POST,8031
192.168.1.10,/index,401,29/Nov/2025:07:21:56 +0530,DELETE,3547
10.0.0.5,/orders,400,29/Nov/2025:07:33:44 +0530,PUT,9657
103.21.244.0,/api/data,503,29/Nov/2025:07:45:34 +0530,GET,1720
127.0.0.1,/api/data,403,29/Nov/2025:07:33:53 +0530,DELETE,8204
10.0.0.5,/health,401,29/Nov/2025:07:33:56 +0530,GET,535
172.16.0.3,/cart,401,29/Nov/2025:07:34:05 +0530,GET,8468
10.0.0.5,/index,302,29/Nov/2025:07:34:08 +0530,POST,5586
192.168.1.10,/products,500,29/Nov/2025:07:46:06 +0530,GET,7213
127.0.0.1,/api/data,403,29/Nov/2025:07:22:20 +0530,POST,2263
172.16.0.3,/login,404,29/Nov/2025:07:46:22 +0530,GET,8938
103.21.244.0,/login,200,29/Nov/2025:07:46:26 +0530,PUT,5171
103.21.244.0,/api/data,503,29/Nov/2025:07:46:30 +0530,PUT,4473
10.0.0.5,/cart,400,29/Nov/2025:07:46:34 +0530,GET,2272
192.168.1.10,/cart,500,29/Nov/2025:07:34:35 +0530,PUT,8202
192.168.1.10,/api/data,400,29/Nov/2025:07:10:30 +0530,POST,1292
127.0.0.1,/api/data,503,29/Nov/2025:07:22:36 +0530,POST,7776
10.0.0.5,/orders,401,29/Nov/2025:07:22:40 +0530,GET,4974
103.21.244.0,/login,200,29/Nov/2025:07:22:42 +0530,GET,227
10.0.0.5,/cart,403,29/Nov/2025:07:22:44 +0530,DELETE,2318
192.168.1.10,/orders,500,29/Nov/2025:07:47:06 +0530,DELETE,352
127.0.0.1,/index,404,29/Nov/2025:07:22:48 +0530,DELETE,9144
10.0.0.5,/login,401,29/Nov/2025:07:22:52 +0530,PUT,3720
103.21.244.0,/index,404,29/Nov/2025:07:47:22 +0530,PUT,9767
127.0.0.1,/login,403,29/Nov/2025:07:47:26 +0530,PUT,9339
192.168.1.10,/login,403,29/Nov/2025:07:47:34 +0530,DELETE,9863
127.0.0.1,/cart,403,29/Nov/2025:07:35:20 +0530,PUT,6979
10.0.0.5,/login,302,29/Nov/2025:07:23:04 +0530,DELETE,8652
192.168.1.10,/health,503,29/Nov/2025:07:47:46 +0530,GET,4294
192.168.1.10,/cart,503,29/Nov/2025:07:47:50 +0530,GET,5169
172.16.0.3,/orders,401,29/Nov/2025:07:47:54 +0530,POST,8216
172.16.0.3,/health,401,29/Nov/2025:07:10:49 +0530,GET,7124
10.0.0.5,/orders,301,29/Nov/2025:07:35:38 +0530,GET,6117
127.0.0.1,/cart,400,29/Nov/2025:07:10:51 +0530,DELETE,9334
10.0.0.5,/login,302,29/Nov/2025:07:10:52 +0530,DELETE,7704
172.16.0.3,/health,201,29/Nov/2025:07:48:14 +0530,GET,9806
103.21.244.0,/api/data,503,29/Nov/2025:07:23:24 +0530,DELETE,3904
172.16.0.3,/products,400,29/Nov/2025:07:23:26 +0530,DELETE,9299
192.168.1.10,/index,301,29/Nov/2025:07:48:30 +0530,POST,1720
10.0.0.5,/index,201,29/Nov/2025:07:23:30 +0530,DELETE,1920
103.21.244.0,/products,401,29/Nov/2025:07:23:32 +0530,PUT,1271
103.21.244.0,/health,301,29/Nov/2025:07:48:42 +0530,PUT,7788
172.16.0.3,/login,400,29/Nov/2025:07:48:46 +0530,DELETE,4416
103.21.244.0,/orders,201,29/Nov/2025:07:36:14 +0530,PUT,8602
192.168.1.10,/login,400,29/Nov/2025:07:36:17 +0530,DELETE,9430
127.0.0.1,/cart,404,29/Nov/2025:07:11:04 +0530,POST,1356
172.16.0.3,/products,500,29/Nov/2025:07:36:23 +0530,GET,2989
127.0.0.1,/orders,201,29/Nov/2025:07:36:26 +0530,DELETE,8275
127.0.0.1,/api/data,302,29/Nov/2025:07:36:29 +0530,DELETE,5805
10.0.0.5,/cart,301,29/Nov/2025:07:36:32 +0530,DELETE,8854
103.21.244.0,/login,401,29/Nov/2025:07:23:52 +0530,DELETE,414
172.16.0.3,/login,400,29/Nov/2025:07:23:54 +0530,POST,6900
103.21.244.0,/orders,201,29/Nov/2025:07:36:41 +0530,POST,5866
192.168.1.10,/health,503,29/Nov/2025:07:49:30 +0530,GET,5637
192.168.1.10,/health,201,29/Nov/2025:07:36:47 +0530,POST,6938
103.21.244.0,/cart,301,29/Nov/2025:07:49:38 +0530,DELETE,8406
10.0.0.5,/cart,500,29/Nov/2025:07:36:53 +0530,DELETE,9494
192.168.1.10,/cart,301,29/Nov/2025:07:36:59 +0530,PUT,1945
103.21.244.0,/health,401,29/Nov/2025:07:24:10 +0530,POST,4425
192.168.1.10,/health,201,29/Nov/2025:07:11:19 +0530,GET,1840
192.168.1.10,/index,403,29/Nov/2025:07:37:08 +0530,GET,5564
103.21.244.0,/orders,302,29/Nov/2025:07:24:16 +0530,PUT,4978
10.0.0.5,/cart,301,29/Nov/2025:07:50:10 +0530,DELETE,3804
103.21.244.0,/orders,503,29/Nov/2025:07:37:17 +0530,DELETE,8567
192.168.1.10,/login,500,29/Nov/2025:07:37:20 +0530,GET,7307
172.16.0.3,/api/data,200,29/Nov/2025:07:50:22 +0530,GET,6133
103.21.244.0,/index,500,29/Nov/2025:07:50:26 +0530,POST,4356
192.168.1.10,/api/data,403,29/Nov/2025:07:11:27 +0530,POST,9965
127.0.0.1,/orders,301,29/Nov/2025:07:24:30 +0530,PUT,2748
172.16.0.3,/health,404,29/Nov/2025:07:50:38 +0530,POST,4147
103.21.244.0,/health,201,29/Nov/2025:07:24:34 +0530,PUT,4309
10.0.0.5,/products,200,29/Nov/2025:07:50:46 +0530,GET,7399
127.0.0.1,/products,404,29/Nov/2025:07:50:50 +0530,GET,1193
103.21.244.0,/login,500,29/Nov/2025:07:50:54 +0530,DELETE,7621
172.16.0.3,/products,201,29/Nov/2025:07:37:50 +0530,GET,7429
127.0.0.1,/orders,301,29/Nov/2025:07:11:35 +0530,DELETE,9108
10.0.0.5,/cart,301,29/Nov/2025:07:37:56 +0530,PUT,937
192.168.1.10,/products,404,29/Nov/2025:07:11:37 +0530,DELETE,5604
10.0.0.5,/products,301,29/Nov/2025:07:38:02 +0530,GET,984
10.0.0.5,/health,201,29/Nov/2025:07:24:52 +0530,GET,1273
192.168.1.10,/index,400,29/Nov/2025:07:38:11 +0530,POST,8259
103.21.244.0,/orders,302,29/Nov/2025:07:38:14 +0530,DELETE,5977
127.0.0.1,/products,200,29/Nov/2025:07:38:17 +0530,GET,5384
192.168.1.10,/products,301,29/Nov/2025:07:51:38 +0530,POST,7301
192.168.1.10,/api/data,503,29/Nov/2025:07:11:45 +0530,POST,264
103.21.244.0,/orders,201,29/Nov/2025:07:11:46 +0530,GET,655
103.21.244.0,/products,503,29/Nov/2025:07:11:47 +0530,DELETE,9015
103.21.244.0,/orders,404,29/Nov/2025:07:25:10 +0530,POST,2576
192.168.1.10,/login,503,29/Nov/2025:07:51:58 +0530,DELETE,5905
127.0.0.1,/cart,403,29/Nov/2025:07:11:50 +0530,GET,5143
192.168.1.10,/orders,201,29/Nov/2025:07:38:41 +0530,GET,5013
192.168.1.10,/index,404,29/Nov/2025:07:11:52 +0530,POST,1929
103.21.244.0,/api/data,500,29/Nov/2025:07:52:18 +0530,GET,7426
103.21.244.0,/login,503,29/Nov/2025:07:38:53 +0530,PUT,2632
10.0.0.5,/health,404,29/Nov/2025:07:25:26 +0530,DELETE,4809
103.21.244.0,/health,503,29/Nov/2025:07:25:28 +0530,PUT,2979
10.0.0.5,/health,500,29/Nov/2025:07:11:58 +0530,PUT,5253
192.168.1.10,/cart,401,29/Nov/2025:07:25:32 +0530,PUT,9963
172.16.0.3,/api/data,404,29/Nov/2025:07:39:08 +0530,DELETE,2454
172.16.0.3,/orders,403,29/Nov/2025:07:52:46 +0530,PUT,7270
103.21.244.0,/orders,403,29/Nov/2025:07:52:50 +0530,POST,3930
103.21.244.0,/api/data,404,29/Nov/2025:07:25:40 +0530,GET,9440
172.16.0.3,/api/data,401,29/Nov/2025:07:52:58 +0530,POST,8710
192.168.1.10,/orders,401,29/Nov/2025:07:53:02 +0530,POST,2567
127.0.0.1,/index,403,29/Nov/2025:07:25:46 +0530,DELETE,3521
127.0.0.1,/health,503,29/Nov/2025:07:25:48 +0530,DELETE,6357
103.21.244.0,/products,401,29/Nov/2025:07:39:32 +0530,GET,2166
10.0.0.5,/login,401,29/Nov/2025:07:12:09 +0530,DELETE,9227
103.21.244.0,/orders,201,29/Nov/2025:07:53:22 +0530,DELETE,618
192.168.1.10,/api/data,302,29/Nov/2025:07:25:56 +0530,GET,4900
172.16.0.3,/orders,201,29/Nov/2025:07:53:34 +0530,POST,9375
172.16.0.3,/orders,201,29/Nov/2025:07:53:42 +0530,DELETE,9816
172.16.0.3,/api/data,404,29/Nov/2025:07:26:06 +0530,DELETE,7482
103.21.244.0,/cart,503,29/Nov/2025:07:26:08 +0530,PUT,360
127.0.0.1,/index,500,29/Nov/2025:07:40:02 +0530,DELETE,2821
10.0.0.5,/login,200,29/Nov/2025:07:12:19 +0530,PUT,2067
127.0.0.1,/api/data,503,29/Nov/2025:07:54:02 +0530,GET,6878
192.168.1.10,/cart,302,29/Nov/2025:07:40:11 +0530,PUT,4918
192.168.1.10,/orders,400,29/Nov/2025:07:12:23 +0530,GET,6366
103.21.244.0,/products,404,29/Nov/2025:07:40:20 +0530,POST,6289
127.0.0.1,/orders,302,29/Nov/2025:07:12:25 +0530,POST,1682
103.21.244.0,/cart,403,29/Nov/2025:07:40:29 +0530,POST,9103
103.21.244.0,/orders,503,29/Nov/2025:07:54:34 +0530,DELETE,758
127.0.0.1,/index,400,29/Nov/2025:07:54:38 +0530,POST,6342
172.16.0.3,/health,403,29/Nov/2025:07:26:36 +0530,PUT,9983
10.0.0.5,/login,403,29/Nov/2025:07:40:44 +0530,DELETE,1161
172.16.0.3,/products,503,29/Nov/2025:07:54:54 +0530,GET,9946
192.168.1.10,/health,301,29/Nov/2025:07:54:58 +0530,DELETE,7025
127.0.0.1,/api/data,500,29/Nov/2025:07:26:44 +0530,GET,8180
172.16.0.3,/products,401,29/Nov/2025:07:40:56 +0530,PUT,9948
103.21.244.0,/health,200,29/Nov/2025:07:12:37 +0530,GET,1681
192.168.1.10,/login,201,29/Nov/2025:07:41:02 +0530,PUT,7895
172.16.0.3,/products,500,29/Nov/2025:07:55:18 +0530,DELETE,1881
103.21.244.0,/index,302,29/Nov/2025:07:55:22 +0530,PUT,7254
127.0.0.1,/api/data,302,29/Nov/2025:07:55:26 +0530,PUT,7342
127.0.0.1,/orders,400,29/Nov/2025:07:55:30 +0530,GET,4022
10.0.0.5,/index,403,29/Nov/2025:07:55:34 +0530,PUT,5675
127.0.0.1,/health,500,29/Nov/2025:07:55:38 +0530,POST,5858
127.0.0.1,/index,503,29/Nov/2025:07:12:45 +0530,GET,5571
172.16.0.3,/products,400,29/Nov/2025:07:27:06 +0530,POST,430
127.0.0.1,/cart,201,29/Nov/2025:07:41:29 +0530,PUT,8660
103.21.244.0,/index,201,29/Nov/2025:07:55:54 +0530,POST,6830
192.168.1.10,/api/data,404,29/Nov/2025:07:12:49 +0530,POST,9600
192.168.1.10,/health,302,29/Nov/2025:07:56:02 +0530,GET,5379
127.0.0.1,/orders,302,29/Nov/2025:07:12:51 +0530,POST,6722
127.0.0.1,/login,401,29/Nov/2025:07:41:47 +0530,POST,7263
127.0.0.1,/health,401,29/Nov/2025:07:56:18 +0530,PUT,8454
103.21.244.0,/api/data,500,29/Nov/2025:07:12:55 +0530,DELETE,9802
127.0.0.1,/login,400,29/Nov/2025:07:56:26 +0530,PUT,1456
172.16.0.3,/products,302,29/Nov/2025:07:12:57 +0530,DELETE,7889
103.21.244.0,/cart,404,29/Nov/2025:07:56:34 +0530,GET,1347
127.0.0.1,/health,503,29/Nov/2025:07:27:32 +0530,GET,1051
127.0.0.1,/cart,401,29/Nov/2025:07:27:34 +0530,PUT,440
172.16.0.3,/api/data,201,29/Nov/2025:07:27:36 +0530,POST,5947
192.168.1.10,/api/data,200,29/Nov/2025:07:27:38 +0530,DELETE,2046
103.21.244.0,/login,201,29/Nov/2025:07:27:40 +0530,GET,4297
103.21.244.0,/api/data,404,29/Nov/2025:07:42:20 +0530,POST,3109
172.16.0.3,/cart,500,29/Nov/2025:07:13:05 +0530,PUT,1478
192.168.1.10,/orders,301,29/Nov/2025:07:13:06 +0530,POST,5450
127.0.0.1,/health,404,29/Nov/2025:07:27:48 +0530,PUT,2866
10.0.0.5,/index,302,29/Nov/2025:07:13:08 +0530,DELETE,8516
172.16.0.3,/index,301,29/Nov/2025:07:13:09 +0530,POST,9448
103.21.244.0,/cart,200,29/Nov/2025:07:42:41 +0530,GET,7364
192.168.1.10,/index,404,29/Nov/2025:07:27:58 +0530,POST,3399
127.0.0.1,/products,403,29/Nov/2025:07:57:34 +0530,PUT,838
103.21.244.0,/orders,201,29/Nov/2025:07:57:38 +0530,DELETE,6587
10.0.0.5,/health,302,29/Nov/2025:07:13:15 +0530,PUT,7561
10.0.0.5,/products,403,29/Nov/2025:07:57:46 +0530,DELETE,3470
10.0.0.5,/index,404,29/Nov/2025:07:13:17 +0530,DELETE,9626
127.0.0.1,/cart,500,29/Nov/2025:07:57:58 +0530,GET,9194
127.0.0.1,/index,403,29/Nov/2025:07:43:08 +0530,DELETE,2118
192.168.1.10,/orders,500,29/Nov/2025:07:58:06 +0530,DELETE,9508
127.0.0.1,/health,200,29/Nov/2025:07:58:10 +0530,PUT,1463
172.16.0.3,/index,404,29/Nov/2025:07:13:23 +0530,DELETE,3707
127.0.0.1,/products,500,29/Nov/2025:07:28:22 +0530,GET,1673
10.0.0.5,/login,302,29/Nov/2025:07:58:22 +0530,PUT,4348
172.16.0.3,/products,200,29/Nov/2025:07:43:26 +0530,DELETE,447
103.21.244.0,/index,200,29/Nov/2025:07:28:28 +0530,GET,3999
192.168.1.10,/login,400,29/Nov/2025:07:58:34 +0530,DELETE,8529
127.0.0.1,/health,200,29/Nov/2025:07:58:38 +0530,POST,3570
10.0.0.5,/orders,302,29/Nov/2025:07:58:42 +0530,PUT,5248
103.21.244.0,/login,400,29/Nov/2025:07:13:31 +0530,PUT,3190
10.0.0.5,/index,201,29/Nov/2025:07:43:44 +0530,DELETE,8301
103.21.244.0,/cart,400,29/Nov/2025:07:13:33 +0530,GET,5098
10.0.0.5,/orders,500,29/Nov/2025:07:43:53 +0530,DELETE,4849
127.0.0.1,/index,503,29/Nov/2025:07:43:56 +0530,PUT,4009
10.0.0.5,/orders,404,29/Nov/2025:07:13:37 +0530,DELETE,7616
172.16.0.3,/cart,404,29/Nov/2025:07:28:50 +0530,DELETE,8356
192.168.1.10,/health,302,29/Nov/2025:07:44:05 +0530,GET,4995
172.16.0.3,/cart,403,29/Nov/2025:07:59:26 +0530,POST,3561
103.21.244.0,/orders,200,29/Nov/2025:07:28:58 +0530,PUT,7904
192.168.1.10,/index,500,29/Nov/2025:07:13:43 +0530,GET,2457
103.21.244.0,/login,503,29/Nov/2025:07:59:38 +0530,DELETE,1270
172.16.0.3,/cart,201,29/Nov/2025:07:29:04 +0530,GET,9416
192.168.1.10,/index,503,29/Nov/2025:07:44:29 +0530,PUT,8117
103.21.244.0,/login,401,29/Nov/2025:07:59:58 +0530,DELETE,8859
10.0.0.5,/index,400,29/Nov/2025:07:44:38 +0530,DELETE,2608
192.168.1.10,/orders,401,29/Nov/2025:07:13:51 +0530,POST,3699
103.21.244.0,/products,302,29/Nov/2025:07:13:52 +0530,PUT,6645
127.0.0.1,/health,404,29/Nov/2025:07:44:47 +0530,PUT,4711
172.16.0.3,/login,401,29/Nov/2025:07:29:22 +0530,PUT,9342
127.0.0.1,/products,302,29/Nov/2025:07:29:24 +0530,DELETE,4037
172.16.0.3,/orders,201,29/Nov/2025:07:29:26 +0530,POST,2209
103.21.244.0,/cart,500,29/Nov/2025:07:13:57 +0530,GET,5596
172.16.0.3,/login,200,29/Nov/2025:08:00:42 +0530,GET,7228
10.0.0.5,/cart,403,29/Nov/2025:07:29:36 +0530,PUT,4312
172.16.0.3,/cart,404,29/Nov/2025:07:14:02 +0530,DELETE,5583
127.0.0.1,/login,301,29/Nov/2025:08:00:54 +0530,POST,6267
127.0.0.1,/login,404,29/Nov/2025:07:45:20 +0530,PUT,7030
103.21.244.0,/health,503,29/Nov/2025:08:01:02 +0530,DELETE,8237
103.21.244.0,/orders,200,29/Nov/2025:07:14:06 +0530,GET,9553
103.21.244.0,/index,500,29/Nov/2025:07:29:48 +0530,DELETE,2998
127.0.0.1,/products,400,29/Nov/2025:08:01:14 +0530,POST,9915
127.0.0.1,/health,200,29/Nov/2025:08:01:18 +0530,GET,6860
172.16.0.3,/api/data,301,29/Nov/2025:07:14:10 +0530,PUT,8747
10.0.0.5,/orders,401,29/Nov/2025:07:45:41 +0530,DELETE,1026
127.0.0.1,/orders,404,29/Nov/2025:07:29:58 +0530,POST,4269
127.0.0.1,/health,201,29/Nov/2025:08:01:34 +0530,GET,7218
10.0.0.5,/cart,500,29/Nov/2025:07:45:50 +0530,POST,2581
127.0.0.1,/orders,200,29/Nov/2025:07:45:53 +0530,DELETE,1471
10.0.0.5,/products,200,29/Nov/2025:07:14:16 +0530,DELETE,7203
192.168.1.10,/health,400,29/Nov/2025:07:14:18 +0530,POST,7887
127.0.0.1,/cart,400,29/Nov/2025:07:46:05 +0530,PUT,7605
127.0.0.1,/cart,404,29/Nov/2025:08:02:02 +0530,DELETE,4735
192.168.1.10,/cart,400,29/Nov/2025:07:46:11 +0530,GET,2961
10.0.0.5,/index,301,29/Nov/2025:07:46:14 +0530,GET,8963
127.0.0.1,/index,500,29/Nov/2025:07:46:17 +0530,GET,7251
172.16.0.3,/cart,301,29/Nov/2025:07:46:20 +0530,DELETE,207
10.0.0.5,/orders,301,29/Nov/2025:08:02:22 +0530,PUT,9408
172.16.0.3,/index,401,29/Nov/2025:07:14:26 +0530,GET,4780
127.0.0.1,/health,201,29/Nov/2025:07:30:28 +0530,DELETE,9539
172.16.0.3,/api/data,200,29/Nov/2025:07:30:30 +0530,PUT,2009
103.21.244.0,/products,404,29/Nov/2025:07:30:32 +0530,PUT,1216
172.16.0.3,/cart,200,29/Nov/2025:07:30:34 +0530,PUT,2858
192.168.1.10,/orders,401,29/Nov/2025:08:02:46 +0530,GET,6775
127.0.0.1,/api/data,302,29/Nov/2025:08:02:50 +0530,PUT,2345
127.0.0.1,/cart,404,29/Nov/2025:08:02:54 +0530,POST,509
127.0.0.1,/cart,403,29/Nov/2025:07:46:50 +0530,POST,2468
192.168.1.10,/index,301,29/Nov/2025:08:03:02 +0530,GET,9474
127.0.0.1,/products,503,29/Nov/2025:07:14:36 +0530,POST,6123
103.21.244.0,/api/data,302,29/Nov/2025:07:14:37 +0530,GET,2718
192.168.1.10,/products,500,29/Nov/2025:07:14:39 +0530,POST,1700
192.168.1.10,/index,404,29/Nov/2025:07:30:54 +0530,PUT,9570
10.0.0.5,/index,302,29/Nov/2025:07:14:41 +0530,GET,6275
10.0.0.5,/index,301,29/Nov/2025:07:47:14 +0530,PUT,3395
10.0.0.5,/login,302,29/Nov/2025:07:47:17 +0530,PUT,5994
103.21.244.0,/orders,503,29/Nov/2025:07:47:20 +0530,GET,1085
10.0.0.5,/login,302,29/Nov/2025:07:47:23 +0530,DELETE,7822
10.0.0.5,/cart,302,29/Nov/2025:07:47:29 +0530,POST,7093
172.16.0.3,/cart,503,29/Nov/2025:07:14:48 +0530,DELETE,9548
127.0.0.1,/index,404,29/Nov/2025:08:03:58 +0530,DELETE,2209
103.21.244.0,/cart,503,29/Nov/2025:08:04:02 +0530,GET,7683
172.16.0.3,/orders,403,29/Nov/2025:08:04:06 +0530,PUT,2430
127.0.0.1,/products,200,29/Nov/2025:07:47:44 +0530,DELETE,9686
172.16.0.3,/index,400,29/Nov/2025:07:14:53 +0530,PUT,3095
10.0.0.5,/products,403,29/Nov/2025:07:31:24 +0530,GET,1871
172.16.0.3,/products,200,29/Nov/2025:07:47:59 +0530,PUT,2499
172.16.0.3,/products,400,29/Nov/2025:07:48:02 +0530,DELETE,1936
103.21.244.0,/cart,503,29/Nov/2025:07:31:32 +0530,GET,5815
192.168.1.10,/api/data,401,29/Nov/2025:07:31:34 +0530,DELETE,7326
103.21.244.0,/cart,403,29/Nov/2025:07:15:01 +0530,GET,6691
192.168.1.10,/health,403,29/Nov/2025:08:04:50 +0530,DELETE,7142
192.168.1.10,/index,200,29/Nov/2025:08:04:54 +0530,DELETE,304
10.0.0.5,/cart,301,29/Nov/2025:08:04:58 +0530,PUT,3854
10.0.0.5,/orders,503,29/Nov/2025:07:15:05 +0530,POST,9888
103.21.244.0,/health,302,29/Nov/2025:07:15:07 +0530,GET,622
172.16.0.3,/login,301,29/Nov/2025:08:05:14 +0530,GET,7655
192.168.1.10,/orders,404,29/Nov/2025:07:48:35 +0530,POST,8365
10.0.0.5,/login,201,29/Nov/2025:07:48:38 +0530,GET,6661
10.0.0.5,/login,200,29/Nov/2025:08:05:26 +0530,PUT,8208
10.0.0.5,/login,302,29/Nov/2025:07:48:44 +0530,PUT,2533
10.0.0.5,/orders,400,29/Nov/2025:07:48:47 +0530,POST,534
103.21.244.0,/products,403,29/Nov/2025:07:32:02 +0530,POST,5983
192.168.1.10,/index,200,29/Nov/2025:07:15:15 +0530,DELETE,2173
103.21.244.0,/api/data,403,29/Nov/2025:07:15:16 +0530,DELETE,1940
10.0.0.5,/health,302,29/Nov/2025:07:32:08 +0530,POST,748
10.0.0.5,/orders,403,29/Nov/2025:08:05:58 +0530,PUT,9371
127.0.0.1,/cart,503,29/Nov/2025:07:15:20 +0530,GET,2015
10.0.0.5,/health,200,29/Nov/2025:07:49:11 +0530,PUT,8047
127.0.0.1,/health,201,29/Nov/2025:07:49:14 +0530,PUT,3161
103.21.244.0,/index,403,29/Nov/2025:07:49:20 +0530,DELETE,8817
172.16.0.3,/index,400,29/Nov/2025:07:15:25 +0530,POST,1999
127.0.0.1,/products,401,29/Nov/2025:07:49:26 +0530,DELETE,7050
192.168.1.10,/index,301,29/Nov/2025:07:49:29 +0530,PUT,1183
10.0.0.5,/orders,200,29/Nov/2025:07:15:28 +0530,PUT,4555
192.168.1.10,/orders,404,29/Nov/2025:08:06:38 +0530,PUT,3149
103.21.244.0,/cart,201,29/Nov/2025:08:06:42 +0530,POST,8609
172.16.0.3,/products,503,29/Nov/2025:07:32:36 +0530,PUT,966
10.0.0.5,/orders,400,29/Nov/2025:07:15:32 +0530,POST,1680
103.21.244.0,/login,403,29/Nov/2025:07:49:47 +0530,POST,5873
103.21.244.0,/login,400,29/Nov/2025:08:07:02 +0530,PUT,1860
10.0.0.5,/orders,200,29/Nov/2025:08:07:06 +0530,DELETE,3770
192.168.1.10,/products,401,29/Nov/2025:07:49:59 +0530,POST,863
103.21.244.0,/login,201,29/Nov/2025:08:07:14 +0530,GET,6128
192.168.1.10,/cart,302,29/Nov/2025:07:32:52 +0530,DELETE,6086
192.168.1.10,/products,301,29/Nov/2025:07:32:54 +0530,POST,2151
172.16.0.3,/health,500,29/Nov/2025:07:15:41 +0530,DELETE,6350
172.16.0.3,/orders,401,29/Nov/2025:08:07:30 +0530,PUT,6150
10.0.0.5,/health,201,29/Nov/2025:07:33:00 +0530,POST,1789
127.0.0.1,/products,403,29/Nov/2025:07:50:20 +0530,PUT,8142
10.0.0.5,/health,200,29/Nov/2025:07:15:45 +0530,POST,5654
127.0.0.1,/products,403,29/Nov/2025:08:07:46 +0530,PUT,9329
10.0.0.5,/products,200,29/Nov/2025:07:50:29 +0530,GET,8652
103.21.244.0,/cart,201,29/Nov/2025:08:07:54 +0530,POST,8383
103.21.244.0,/login,503,29/Nov/2025:07:15:49 +0530,POST,8974
172.16.0.3,/login,503,29/Nov/2025:07:15:51 +0530,DELETE,3288
192.168.1.10,/cart,404,29/Nov/2025:08:08:10 +0530,DELETE,2754
103.21.244.0,/health,503,29/Nov/2025:07:50:47 +0530,PUT,8240
172.16.0.3,/login,403,29/Nov/2025:08:08:22 +0530,PUT,8758
192.168.1.10,/orders,403,29/Nov/2025:07:33:26 +0530,PUT,6057
192.168.1.10,/cart,404,29/Nov/2025:07:33:28 +0530,DELETE,5262
192.168.1.10,/orders,302,29/Nov/2025:08:08:34 +0530,DELETE,1245
192.168.1.10,/cart,301,29/Nov/2025:07:15:59 +0530,PUT,6872
172.16.0.3,/health,302,29/Nov/2025:08:08:42 +0530,DELETE,7221
127.0.0.1,/products,500,29/Nov/2025:07:51:11 +0530,DELETE,2004
127.0.0.1,/index,500,29/Nov/2025:07:51:17 +0530,DELETE,8813
127.0.0.1,/products,503,29/Nov/2025:07:51:20 +0530,PUT,7430
10.0.0.5,/api/data,301,29/Nov/2025:07:16:05 +0530,DELETE,7527
192.168.1.10,/products,401,29/Nov/2025:07:33:46 +0530,DELETE,1241
127.0.0.1,/cart,200,29/Nov/2025:07:16:07 +0530,POST,6163
172.16.0.3,/health,200,29/Nov/2025:07:51:32 +0530,POST,690
103.21.244.0,/orders,200,29/Nov/2025:08:09:18 +0530,PUT,8200
172.16.0.3,/products,503,29/Nov/2025:07:16:10 +0530,GET,4509
192.168.1.10,/index,404,29/Nov/2025:07:51:41 +0530,PUT,8597
10.0.0.5,/health,302,29/Nov/2025:08:09:34 +0530,DELETE,3375
172.16.0.3,/products,500,29/Nov/2025:08:09:38 +0530,DELETE,6909
103.21.244.0,/login,500,29/Nov/2025:07:16:15 +0530,POST,321
172.16.0.3,/index,404,29/Nov/2025:08:09:46 +0530,PUT,3519
103.21.244.0,/health,403,29/Nov/2025:08:09:50 +0530,POST,4947
103.21.244.0,/orders,301,29/Nov/2025:08:09:58 +0530,PUT,4753
10.0.0.5,/products,301,29/Nov/2025:08:10:06 +0530,DELETE,8845
127.0.0.1,/products,401,29/Nov/2025:08:10:10 +0530,POST,5411
127.0.0.1,/api/data,201,29/Nov/2025:07:34:20 +0530,DELETE,3970
10.0.0.5,/orders,301,29/Nov/2025:07:52:20 +0530,POST,5106
127.0.0.1,/orders,401,29/Nov/2025:07:16:25 +0530,POST,1448
127.0.0.1,/orders,400,29/Nov/2025:08:10:26 +0530,POST,6101
127.0.0.1,/health,200,29/Nov/2025:07:34:28 +0530,POST,3897
10.0.0.5,/login,400,29/Nov/2025:08:10:34 +0530,GET,5404
127.0.0.1,/api/data,201,29/Nov/2025:07:34:32 +0530,DELETE,4061
172.16.0.3,/orders,200,29/Nov/2025:08:10:42 +0530,PUT,9711
172.16.0.3,/products,200,29/Nov/2025:08:10:46 +0530,PUT,4341
172.16.0.3,/health,400,29/Nov/2025:07:52:44 +0530,GET,3193
172.16.0.3,/health,301,29/Nov/2025:07:52:47 +0530,POST,6790
10.0.0.5,/api/data,200,29/Nov/2025:07:34:44 +0530,PUT,595
10.0.0.5,/cart,404,29/Nov/2025:08:11:06 +0530,POST,8038
192.168.1.10,/cart,201,29/Nov/2025:07:16:37 +0530,PUT,721
192.168.1.10,/products,503,29/Nov/2025:08:11:14 +0530,PUT,2360
10.0.0.5,/api/data,503,29/Nov/2025:07:53:05 +0530,DELETE,2190
192.168.1.10,/index,400,29/Nov/2025:08:11:22 +0530,DELETE,7703
103.21.244.0,/health,503,29/Nov/2025:07:53:11 +0530,POST,5226
192.168.1.10,/index,301,29/Nov/2025:08:11:34 +0530,DELETE,3967
10.0.0.5,/index,200,29/Nov/2025:07:35:02 +0530,POST,6916
192.168.1.10,/index,503,29/Nov/2025:07:35:04 +0530,GET,3131
192.168.1.10,/health,201,29/Nov/2025:07:16:46 +0530,POST,7246
192.168.1.10,/cart,201,29/Nov/2025:08:11:50 +0530,GET,3618
172.16.0.3,/login,200,29/Nov/2025:07:53:35 +0530,PUT,3231
103.21.244.0,/orders,404,29/Nov/2025:07:16:50 +0530,GET,4668
192.168.1.10,/api/data,302,29/Nov/2025:07:53:41 +0530,GET,8943
127.0.0.1,/products,400,29/Nov/2025:07:35:22 +0530,PUT,7848
127.0.0.1,/login,400,29/Nov/2025:07:16:55 +0530,PUT,7876
127.0.0.1,/api/data,404,29/Nov/2025:07:35:26 +0530,PUT,6148
10.0.0.5,/index,404,29/Nov/2025:07:16:57 +0530,POST,3209
10.0.0.5,/index,403,29/Nov/2025:08:12:38 +0530,GET,2775
172.16.0.3,/products,401,29/Nov/2025:08:12:42 +0530,DELETE,3434
103.21.244.0,/api/data,200,29/Nov/2025:07:35:36 +0530,PUT,9711
10.0.0.5,/api/data,200,29/Nov/2025:08:12:50 +0530,POST,2571
10.0.0.5,/orders,200,29/Nov/2025:07:54:17 +0530,POST,1032
127.0.0.1,/health,500,29/Nov/2025:08:12:58 +0530,POST,3953
172.16.0.3,/index,302,29/Nov/2025:07:35:44 +0530,GET,3534
172.16.0.3,/cart,401,29/Nov/2025:07:17:06 +0530,POST,8394
192.168.1.10,/orders,500,29/Nov/2025:07:17:07 +0530,DELETE,8808
127.0.0.1,/orders,500,29/Nov/2025:08:13:14 +0530,POST,3894
172.16.0.3,/products,301,29/Nov/2025:07:35:52 +0530,POST,9019
10.0.0.5,/health,400,29/Nov/2025:08:13:26 +0530,DELETE,6892
172.16.0.3,/index,500,29/Nov/2025:08:13:30 +0530,PUT,4056
192.168.1.10,/api/data,200,29/Nov/2025:07:54:47 +0530,DELETE,3799
127.0.0.1,/cart,302,29/Nov/2025:07:54:50 +0530,POST,1933
10.0.0.5,/index,401,29/Nov/2025:08:13:42 +0530,PUT,1297
103.21.244.0,/orders,500,29/Nov/2025:08:13:46 +0530,DELETE,6218
10.0.0.5,/health,503,29/Nov/2025:07:17:17 +0530,POST,8577
103.21.244.0,/health,201,29/Nov/2025:08:13:54 +0530,POST,9956
10.0.0.5,/login,500,29/Nov/2025:07:55:05 +0530,DELETE,1364
192.168.1.10,/login,301,29/Nov/2025:07:17:20 +0530,DELETE,6021
192.168.1.10,/index,401,29/Nov/2025:07:17:21 +0530,GET,7312
127.0.0.1,/login,503,29/Nov/2025:07:36:18 +0530,GET,9084
192.168.1.10,/api/data,403,29/Nov/2025:07:36:20 +0530,DELETE,7131
192.168.1.10,/login,302,29/Nov/2025:07:17:24 +0530,GET,3837
172.16.0.3,/index,301,29/Nov/2025:08:14:22 +0530,DELETE,2274
172.16.0.3,/products,400,29/Nov/2025:07:17:27 +0530,POST,7582
172.16.0.3,/orders,201,29/Nov/2025:07:55:32 +0530,GET,7484
10.0.0.5,/login,500,29/Nov/2025:08:14:46 +0530,DELETE,8695
192.168.1.10,/index,503,29/Nov/2025:07:55:44 +0530,GET,787
172.16.0.3,/cart,404,29/Nov/2025:07:36:40 +0530,POST,3115
192.168.1.10,/cart,301,29/Nov/2025:07:17:34 +0530,GET,1410
192.168.1.10,/api/data,400,29/Nov/2025:07:55:53 +0530,GET,2671
10.0.0.5,/cart,500,29/Nov/2025:07:17:36 +0530,DELETE,8030
103.21.244.0,/index,201,29/Nov/2025:07:17:37 +0530,GET,5482
10.0.0.5,/products,500,29/Nov/2025:08:15:18 +0530,PUT,7031
127.0.0.1,/cart,201,29/Nov/2025:07:56:08 +0530,GET,9639
103.21.244.0,/cart,302,29/Nov/2025:08:15:26 +0530,GET,5892
103.21.244.0,/products,200,29/Nov/2025:07:36:58 +0530,GET,3844
192.168.1.10,/orders,301,29/Nov/2025:07:17:43 +0530,POST,6599
192.168.1.10,/cart,201,29/Nov/2025:07:37:04 +0530,DELETE,4699
172.16.0.3,/health,404,29/Nov/2025:07:56:29 +0530,PUT,7628
127.0.0.1,/login,403,29/Nov/2025:07:56:32 +0530,GET,8507
127.0.0.1,/orders,201,29/Nov/2025:08:15:58 +0530,DELETE,8728
10.0.0.5,/login,301,29/Nov/2025:08:16:02 +0530,POST,2814
172.16.0.3,/login,404,29/Nov/2025:07:17:51 +0530,GET,3481
192.168.1.10,/login,201,29/Nov/2025:07:56:44 +0530,POST,9581
127.0.0.1,/cart,200,29/Nov/2025:08:16:14 +0530,PUT,8134
10.0.0.5,/products,403,29/Nov/2025:07:17:55 +0530,PUT,5355
127.0.0.1,/api/data,404,29/Nov/2025:08:16:26 +0530,DELETE,3677
127.0.0.1,/products,200,29/Nov/2025:07:17:57 +0530,GET,1967
192.168.1.10,/health,401,29/Nov/2025:07:37:30 +0530,POST,6391
10.0.0.5,/login,401,29/Nov/2025:07:57:05 +0530,POST,7968
103.21.244.0,/api/data,200,29/Nov/2025:07:18:00 +0530,DELETE,2647
103.21.244.0,/api/data,403,29/Nov/2025:07:57:11 +0530,POST,9110
172.16.0.3,/login,500,29/Nov/2025:07:37:38 +0530,GET,8942
103.21.244.0,/orders,503,29/Nov/2025:08:16:54 +0530,DELETE,6515
10.0.0.5,/products,500,29/Nov/2025:07:57:20 +0530,PUT,6214
172.16.0.3,/login,302,29/Nov/2025:08:17:06 +0530,PUT,1911
192.168.1.10,/products,201,29/Nov/2025:07:18:07 +0530,POST,2304
172.16.0.3,/api/data,301,29/Nov/2025:07:57:35 +0530,POST,5246
103.21.244.0,/index,201,29/Nov/2025:08:17:22 +0530,GET,2934
103.21.244.0,/api/data,201,29/Nov/2025:08:17:26 +0530,DELETE,9321
10.0.0.5,/health,400,29/Nov/2025:08:17:34 +0530,GET,3033
192.168.1.10,/index,403,29/Nov/2025:07:38:04 +0530,POST,3136
192.168.1.10,/orders,401,29/Nov/2025:07:18:16 +0530,PUT,4063
172.16.0.3,/health,401,29/Nov/2025:07:57:59 +0530,DELETE,6772
10.0.0.5,/products,200,29/Nov/2025:07:18:18 +0530,DELETE,3221
172.16.0.3,/api/data,302,29/Nov/2025:07:58:05 +0530,POST,2651
10.0.0.5,/health,302,29/Nov/2025:07:58:11 +0530,GET,1478
10.0.0.5,/products,404,29/Nov/2025:08:18:10 +0530,GET,9651
172.16.0.3,/products,401,29/Nov/2025:07:18:23 +0530,POST,7268
192.168.1.10,/products,201,29/Nov/2025:08:18:18 +0530,PUT,6008
10.0.0.5,/index,200,29/Nov/2025:08:18:22 +0530,PUT,1599
103.21.244.0,/products,500,29/Nov/2025:07:38:28 +0530,DELETE,8375
172.16.0.3,/api/data,500,29/Nov/2025:08:18:34 +0530,DELETE,9377
127.0.0.1,/login,403,29/Nov/2025:08:18:38 +0530,GET,2582
172.16.0.3,/orders,301,29/Nov/2025:07:18:30 +0530,PUT,9500
192.168.1.10,/orders,500,29/Nov/2025:08:18:46 +0530,GET,3239
127.0.0.1,/index,201,29/Nov/2025:07:38:38 +0530,DELETE,872
127.0.0.1,/index,201,29/Nov/2025:07:38:40 +0530,DELETE,3346
10.0.0.5,/products,302,29/Nov/2025:07:18:34 +0530,GET,9079
103.21.244.0,/login,401,29/Nov/2025:07:18:36 +0530,GET,7109
10.0.0.5,/health,200,29/Nov/2025:07:18:37 +0530,DELETE,8676
10.0.0.5,/products,404,29/Nov/2025:08:19:14 +0530,POST,294
10.0.0.5,/orders,201,29/Nov/2025:08:19:18 +0530,GET,9640
103.21.244.0,/products,403,29/Nov/2025:07:59:08 +0530,PUT,963
10.0.0.5,/health,503,29/Nov/2025:07:59:11 +0530,GET,2700
127.0.0.1,/api/data,201,29/Nov/2025:07:38:58 +0530,DELETE,4196
10.0.0.5,/index,403,29/Nov/2025:07:39:00 +0530,DELETE,3217
10.0.0.5,/cart,404,29/Nov/2025:08:19:38 +0530,POST,9889
192.168.1.10,/api/data,401,29/Nov/2025:08:19:42 +0530,PUT,4649
192.168.1.10,/index,201,29/Nov/2025:07:39:06 +0530,DELETE,6859
192.168.1.10,/index,404,29/Nov/2025:07:59:32 +0530,PUT,1127
103.21.244.0,/api/data,400,29/Nov/2025:08:19:58 +0530,PUT,8498
172.16.0.3,/login,500,29/Nov/2025:07:59:41 +0530,PUT,7555
172.16.0.3,/products,400,29/Nov/2025:08:20:10 +0530,POST,6957
172.16.0.3,/health,400,29/Nov/2025:07:39:20 +0530,POST,1132
103.21.244.0,/cart,400,29/Nov/2025:07:59:50 +0530,DELETE,6814
103.21.244.0,/products,403,29/Nov/2025:08:20:22 +0530,DELETE,661
10.0.0.5,/cart,401,29/Nov/2025:07:59:56 +0530,POST,698
103.21.244.0,/index,401,29/Nov/2025:07:18:57 +0530,DELETE,202
103.21.244.0,/index,404,29/Nov/2025:08:00:02 +0530,GET,7573
10.0.0.5,/products,403,29/Nov/2025:08:20:38 +0530,PUT,5022
192.168.1.10,/cart,400,29/Nov/2025:07:39:34 +0530,POST,9815
103.21.244.0,/orders,401,29/Nov/2025:08:00:11 +0530,GET,8618
103.21.244.0,/api/data,403,29/Nov/2025:08:00:14 +0530,PUT,9155
172.16.0.3,/api/data,403,29/Nov/2025:07:39:40 +0530,PUT,482
127.0.0.1,/products,201,29/Nov/2025:08:00:20 +0530,PUT,7037
192.168.1.10,/health,200,29/Nov/2025:07:19:05 +0530,POST,6063
192.168.1.10,/index,200,29/Nov/2025:07:39:46 +0530,POST,1768
172.16.0.3,/login,201,29/Nov/2025:07:19:07 +0530,POST,1432
127.0.0.1,/cart,403,29/Nov/2025:08:21:14 +0530,GET,1920
127.0.0.1,/orders,503,29/Nov/2025:08:00:35 +0530,POST,2143
172.16.0.3,/login,301,29/Nov/2025:08:21:22 +0530,POST,9723
192.168.1.10,/cart,400,29/Nov/2025:07:19:11 +0530,POST,8421
103.21.244.0,/index,500,29/Nov/2025:08:21:30 +0530,GET,1043
192.168.1.10,/products,200,29/Nov/2025:07:19:13 +0530,DELETE,5964
192.168.1.10,/cart,201,29/Nov/2025:08:00:50 +0530,GET,6869
192.168.1.10,/cart,400,29/Nov/2025:08:21:42 +0530,POST,7682
172.16.0.3,/health,301,29/Nov/2025:07:40:06 +0530,DELETE,5717
192.168.1.10,/api/data,201,29/Nov/2025:08:00:59 +0530,POST,6798
172.16.0.3,/login,503,29/Nov/2025:07:40:10 +0530,GET,2572
103.21.244.0,/cart,401,29/Nov/2025:07:40:12 +0530,GET,1438
192.168.1.10,/health,302,29/Nov/2025:08:22:02 +0530,DELETE,6506
103.21.244.0,/api/data,200,29/Nov/2025:07:19:21 +0530,POST,8258
10.0.0.5,/cart,201,29/Nov/2025:08:22:10 +0530,POST,3819
127.0.0.1,/index,302,29/Nov/2025:08:01:17 +0530,GET,6491
103.21.244.0,/products,401,29/Nov/2025:08:01:20 +0530,GET,8106
103.21.244.0,/cart,400,29/Nov/2025:07:40:24 +0530,GET,6885
172.16.0.3,/index,401,29/Nov/2025:07:19:26 +0530,POST,3274
172.16.0.3,/health,400,29/Nov/2025:07:19:27 +0530,POST,2550
192.168.1.10,/cart,500,29/Nov/2025:08:01:32 +0530,PUT,4689
127.0.0.1,/health,301,29/Nov/2025:08:01:35 +0530,DELETE,2554
192.168.1.10,/orders,400,29/Nov/2025:07:19:30 +0530,DELETE,8204
10.0.0.5,/login,201,29/Nov/2025:07:19:31 +0530,DELETE,7221
127.0.0.1,/index,404,29/Nov/2025:08:01:44 +0530,DELETE,1192
192.168.1.10,/orders,201,29/Nov/2025:08:01:47 +0530,POST,2181
10.0.0.5,/health,403,29/Nov/2025:08:22:58 +0530,GET,6330
172.16.0.3,/health,503,29/Nov/2025:07:19:36 +0530,DELETE,4357
127.0.0.1,/products,503,29/Nov/2025:07:40:48 +0530,POST,3345
172.16.0.3,/index,301,29/Nov/2025:07:19:38 +0530,DELETE,5618
10.0.0.5,/orders,401,29/Nov/2025:07:40:52 +0530,GET,7222
192.168.1.10,/orders,403,29/Nov/2025:08:02:08 +0530,PUT,1030
172.16.0.3,/health,401,29/Nov/2025:08:23:26 +0530,GET,9787
10.0.0.5,/cart,302,29/Nov/2025:07:40:58 +0530,POST,3715
10.0.0.5,/login,201,29/Nov/2025:07:41:00 +0530,PUT,4815
103.21.244.0,/cart,403,29/Nov/2025:08:02:20 +0530,POST,552
172.16.0.3,/login,201,29/Nov/2025:08:23:42 +0530,POST,7581
127.0.0.1,/login,503,29/Nov/2025:07:19:46 +0530,PUT,5865
172.16.0.3,/index,302,29/Nov/2025:07:19:47 +0530,POST,3039
172.16.0.3,/products,301,29/Nov/2025:08:23:54 +0530,POST,7780
127.0.0.1,/login,200,29/Nov/2025:08:23:58 +0530,GET,3297
103.21.244.0,/api/data,201,29/Nov/2025:08:24:02 +0530,DELETE,3450
103.21.244.0,/login,500,29/Nov/2025:08:24:06 +0530,DELETE,8047
127.0.0.1,/index,201,29/Nov/2025:08:24:10 +0530,POST,7432
10.0.0.5,/products,403,29/Nov/2025:08:24:14 +0530,DELETE,3233
103.21.244.0,/orders,403,29/Nov/2025:08:24:18 +0530,DELETE,1876
103.21.244.0,/index,503,29/Nov/2025:08:02:53 +0530,PUT,5724
103.21.244.0,/orders,400,29/Nov/2025:08:02:56 +0530,GET,5005
172.16.0.3,/health,403,29/Nov/2025:07:41:28 +0530,GET,6214
172.16.0.3,/index,404,29/Nov/2025:07:41:30 +0530,PUT,1080
10.0.0.5,/api/data,301,29/Nov/2025:07:41:32 +0530,GET,1018
192.168.1.10,/orders,400,29/Nov/2025:07:20:00 +0530,GET,401
127.0.0.1,/products,500,29/Nov/2025:07:20:01 +0530,DELETE,1764
172.16.0.3,/orders,302,29/Nov/2025:08:03:14 +0530,PUT,6889
10.0.0.5,/products,503,29/Nov/2025:08:03:17 +0530,GET,2470
127.0.0.1,/cart,500,29/Nov/2025:08:24:58 +0530,PUT,1983
192.168.1.10,/index,500,29/Nov/2025:08:25:02 +0530,PUT,887
10.0.0.5,/api/data,400,29/Nov/2025:08:25:06 +0530,DELETE,9533
127.0.0.1,/health,201,29/Nov/2025:08:03:29 +0530,POST,550
192.168.1.10,/orders,404,29/Nov/2025:07:20:08 +0530,GET,8821
103.21.244.0,/health,503,29/Nov/2025:08:25:18 +0530,PUT,8317
127.0.0.1,/orders,403,29/Nov/2025:08:25:22 +0530,POST,1803
10.0.0.5,/api/data,503,29/Nov/2025:07:20:11 +0530,GET,9033
127.0.0.1,/api/data,500,29/Nov/2025:07:20:12 +0530,GET,9740
172.16.0.3,/login,500,29/Nov/2025:07:42:00 +0530,GET,6816
10.0.0.5,/login,503,29/Nov/2025:08:03:50 +0530,DELETE,3387
172.16.0.3,/orders,404,29/Nov/2025:08:03:53 +0530,DELETE,2162
192.168.1.10,/api/data,503,29/Nov/2025:08:25:46 +0530,PUT,1724
127.0.0.1,/index,200,29/Nov/2025:08:03:59 +0530,GET,4325
103.21.244.0,/index,401,29/Nov/2025:08:25:58 +0530,GET,8167
192.168.1.10,/api/data,302,29/Nov/2025:07:20:20 +0530,GET,4144
127.0.0.1,/index,401,29/Nov/2025:07:42:16 +0530,PUT,5144
103.21.244.0,/orders,200,29/Nov/2025:07:42:18 +0530,PUT,3443
10.0.0.5,/login,400,29/Nov/2025:07:20:23 +0530,POST,4840
192.168.1.10,/products,503,29/Nov/2025:07:42:22 +0530,POST,6399
192.168.1.10,/index,400,29/Nov/2025:07:20:25 +0530,DELETE,9894
103.21.244.0,/api/data,500,29/Nov/2025:08:26:26 +0530,POST,9831
10.0.0.5,/health,401,29/Nov/2025:08:26:30 +0530,DELETE,6871
103.21.244.0,/orders,500,29/Nov/2025:08:26:34 +0530,PUT,247
103.21.244.0,/cart,302,29/Nov/2025:07:42:32 +0530,GET,930
10.0.0.5,/login,200,29/Nov/2025:08:26:42 +0530,DELETE,3849
103.21.244.0,/cart,403,29/Nov/2025:07:42:36 +0530,POST,1749
103.21.244.0,/health,403,29/Nov/2025:07:42:40 +0530,GET,678
127.0.0.1,/health,503,29/Nov/2025:07:42:42 +0530,DELETE,5895
192.168.1.10,/cart,404,29/Nov/2025:08:27:02 +0530,POST,6705
10.0.0.5,/health,403,29/Nov/2025:07:20:37 +0530,POST,2357
172.16.0.3,/orders,400,29/Nov/2025:08:27:14 +0530,GET,1295
103.21.244.0,/health,200,29/Nov/2025:07:42:52 +0530,DELETE,6600
103.21.244.0,/products,503,29/Nov/2025:07:42:54 +0530,POST,993
103.21.244.0,/api/data,503,29/Nov/2025:07:42:56 +0530,GET,5069
192.168.1.10,/api/data,404,29/Nov/2025:08:27:30 +0530,POST,5900
172.16.0.3,/index,302,29/Nov/2025:08:05:17 +0530,GET,5267
172.16.0.3,/api/data,403,29/Nov/2025:08:27:38 +0530,DELETE,7634
103.21.244.0,/index,301,29/Nov/2025:07:20:45 +0530,POST,660
127.0.0.1,/api/data,201,29/Nov/2025:08:27:46 +0530,PUT,6643
192.168.1.10,/api/data,302,29/Nov/2025:07:20:47 +0530,DELETE,3813
127.0.0.1,/login,302,29/Nov/2025:08:27:54 +0530,POST,1305
172.16.0.3,/cart,503,29/Nov/2025:08:27:58 +0530,GET,3012
103.21.244.0,/api/data,201,29/Nov/2025:08:28:02 +0530,PUT,483
103.21.244.0,/orders,200,29/Nov/2025:07:43:16 +0530,PUT,4862
103.21.244.0,/products,201,29/Nov/2025:07:20:52 +0530,POST,9126
192.168.1.10,/api/data,401,29/Nov/2025:08:05:47 +0530,GET,3152
192.168.1.10,/cart,401,29/Nov/2025:08:28:18 +0530,GET,8835
127.0.0.1,/login,400,29/Nov/2025:07:43:24 +0530,GET,9543
10.0.0.5,/login,404,29/Nov/2025:08:28:26 +0530,PUT,5117
192.168.1.10,/health,301,29/Nov/2025:07:20:57 +0530,DELETE,1697
127.0.0.1,/products,200,29/Nov/2025:08:28:34 +0530,POST,7829
192.168.1.10,/health,301,29/Nov/2025:07:43:32 +0530,DELETE,8355
127.0.0.1,/health,500,29/Nov/2025:07:21:00 +0530,DELETE,5339
103.21.244.0,/cart,200,29/Nov/2025:07:43:36 +0530,DELETE,1801
192.168.1.10,/products,201,29/Nov/2025:08:28:50 +0530,GET,2903
127.0.0.1,/orders,302,29/Nov/2025:08:06:17 +0530,DELETE,3206
192.168.1.10,/cart,301,29/Nov/2025:07:21:04 +0530,DELETE,5656
192.168.1.10,/api/data,201,29/Nov/2025:08:06:23 +0530,DELETE,3917
172.16.0.3,/health,403,29/Nov/2025:08:29:06 +0530,POST,4525
127.0.0.1,/orders,302,29/Nov/2025:07:21:07 +0530,PUT,3761
103.21.244.0,/index,301,29/Nov/2025:08:29:18 +0530,POST,7139
103.21.244.0,/index,500,29/Nov/2025:08:29:22 +0530,GET,6757
192.168.1.10,/products,503,29/Nov/2025:08:06:41 +0530,POST,5465
192.168.1.10,/health,302,29/Nov/2025:08:06:44 +0530,POST,6384
127.0.0.1,/products,403,29/Nov/2025:08:29:34 +0530,PUT,5535
103.21.244.0,/index,201,29/Nov/2025:08:06:50 +0530,DELETE,4221
192.168.1.10,/products,400,29/Nov/2025:08:06:53 +0530,PUT,4867
10.0.0.5,/health,301,29/Nov/2025:08:29:46 +0530,POST,9916
10.0.0.5,/login,200,29/Nov/2025:08:29:50 +0530,POST,5520
127.0.0.1,/api/data,403,29/Nov/2025:08:07:05 +0530,POST,8749
127.0.0.1,/cart,503,29/Nov/2025:07:44:14 +0530,PUT,1072
192.168.1.10,/health,403,29/Nov/2025:07:44:16 +0530,DELETE,3056
192.168.1.10,/health,301,29/Nov/2025:08:30:14 +0530,PUT,8948
10.0.0.5,/orders,201,29/Nov/2025:08:30:18 +0530,GET,4305
103.21.244.0,/cart,200,29/Nov/2025:07:21:25 +0530,DELETE,8350
192.168.1.10,/login,503,29/Nov/2025:08:30:26 +0530,GET,8544
103.21.244.0,/api/data,500,29/Nov/2025:08:07:29 +0530,PUT,8475
172.16.0.3,/api/data,401,29/Nov/2025:08:07:35 +0530,PUT,7229
10.0.0.5,/orders,200,29/Nov/2025:08:30:42 +0530,DELETE,5529
103.21.244.0,/orders,403,29/Nov/2025:08:07:41 +0530,GET,8672
172.16.0.3,/products,200,29/Nov/2025:08:07:47 +0530,POST,9125
103.21.244.0,/health,503,29/Nov/2025:08:07:53 +0530,DELETE,1589
10.0.0.5,/index,503,29/Nov/2025:07:44:46 +0530,PUT,9412
10.0.0.5,/login,302,29/Nov/2025:08:31:10 +0530,PUT,1119
10.0.0.5,/health,301,29/Nov/2025:07:44:50 +0530,POST,6708
172.16.0.3,/orders,503,29/Nov/2025:08:31:18 +0530,PUT,3926
127.0.0.1,/api/data,503,29/Nov/2025:07:21:40 +0530,GET,6243
10.0.0.5,/products,503,29/Nov/2025:07:45:00 +0530,GET,9640
10.0.0.5,/index,301,29/Nov/2025:08:08:20 +0530,POST,683
10.0.0.5,/cart,401,29/Nov/2025:07:45:04 +0530,PUT,3809
127.0.0.1,/health,401,29/Nov/2025:08:31:46 +0530,DELETE,8135
10.0.0.5,/login,503,29/Nov/2025:07:45:08 +0530,GET,7444
172.16.0.3,/health,200,29/Nov/2025:07:21:48 +0530,POST,4885
172.16.0.3,/orders,403,29/Nov/2025:08:31:58 +0530,POST,7222
127.0.0.1,/health,500,29/Nov/2025:08:08:38 +0530,PUT,1916
103.21.244.0,/health,503,29/Nov/2025:07:45:16 +0530,DELETE,8913
103.21.244.0,/index,403,29/Nov/2025:08:32:10 +0530,PUT,578
127.0.0.1,/orders,301,29/Nov/2025:08:08:50 +0530,GET,1959
192.168.1.10,/api/data,401,29/Nov/2025:08:32:22 +0530,PUT,8469
103.21.244.0,/login,201,29/Nov/2025:08:32:26 +0530,DELETE,1865
127.0.0.1,/orders,400,29/Nov/2025:07:21:57 +0530,PUT,3767
127.0.0.1,/api/data,201,29/Nov/2025:07:21:58 +0530,POST,2280
10.0.0.5,/health,301,29/Nov/2025:07:45:32 +0530,POST,3577
172.16.0.3,/cart,503,29/Nov/2025:08:32:46 +0530,PUT,7845
172.16.0.3,/orders,503,29/Nov/2025:08:32:50 +0530,GET,5482
127.0.0.1,/orders,201,29/Nov/2025:07:45:40 +0530,DELETE,5620
127.0.0.1,/index,400,29/Nov/2025:07:45:42 +0530,POST,9736
127.0.0.1,/health,404,29/Nov/2025:08:09:23 +0530,POST,6622
172.16.0.3,/login,403,29/Nov/2025:07:22:06 +0530,PUT,7769
10.0.0.5,/index,401,29/Nov/2025:08:09:29 +0530,DELETE,7822
10.0.0.5,/orders,503,29/Nov/2025:08:33:14 +0530,PUT,6361
172.16.0.3,/cart,400,29/Nov/2025:07:22:09 +0530,PUT,1598
172.16.0.3,/health,401,29/Nov/2025:08:33:22 +0530,POST,790
192.168.1.10,/health,302,29/Nov/2025:07:45:56 +0530,DELETE,7027
127.0.0.1,/cart,403,29/Nov/2025:08:33:30 +0530,PUT,2183
127.0.0.1,/health,301,29/Nov/2025:07:46:00 +0530,DELETE,2438
127.0.0.1,/index,200,29/Nov/2025:07:46:02 +0530,POST,6819
192.168.1.10,/login,302,29/Nov/2025:08:33:42 +0530,POST,4420
127.0.0.1,/cart,301,29/Nov/2025:08:33:46 +0530,POST,8194
10.0.0.5,/cart,401,29/Nov/2025:08:09:59 +0530,GET,1007
103.21.244.0,/orders,400,29/Nov/2025:07:46:10 +0530,PUT,3113
127.0.0.1,/products,400,29/Nov/2025:08:33:58 +0530,POST,4850
192.168.1.10,/orders,201,29/Nov/2025:08:34:02 +0530,GET,4008
192.168.1.10,/api/data,301,29/Nov/2025:08:10:11 +0530,POST,4778
10.0.0.5,/orders,403,29/Nov/2025:08:34:10 +0530,GET,333
172.16.0.3,/products,503,29/Nov/2025:08:10:23 +0530,DELETE,7923
103.21.244.0,/index,200,29/Nov/2025:07:46:28 +0530,POST,6737
103.21.244.0,/orders,400,29/Nov/2025:08:34:38 +0530,GET,1450
192.168.1.10,/api/data,301,29/Nov/2025:08:34:42 +0530,PUT,8442
10.0.0.5,/api/data,400,29/Nov/2025:08:10:41 +0530,POST,3872
10.0.0.5,/api/data,404,29/Nov/2025:08:34:50 +0530,GET,8558
172.16.0.3,/login,404,29/Nov/2025:08:34:54 +0530,DELETE,6335
10.0.0.5,/health,401,29/Nov/2025:08:10:50 +0530,POST,3420
127.0.0.1,/api/data,301,29/Nov/2025:07:46:44 +0530,DELETE,7586
103.21.244.0,/cart,201,29/Nov/2025:08:10:56 +0530,GET,9055
10.0.0.5,/health,302,29/Nov/2025:08:10:59 +0530,PUT,5452
192.168.1.10,/products,201,29/Nov/2025:08:11:02 +0530,PUT,3439
192.168.1.10,/cart,201,29/Nov/2025:08:35:18 +0530,GET,6734
172.16.0.3,/health,400,29/Nov/2025:08:35:22 +0530,POST,3218
127.0.0.1,/cart,302,29/Nov/2025:07:22:41 +0530,POST,5767
127.0.0.1,/cart,500,29/Nov/2025:07:22:43 +0530,POST,2671
10.0.0.5,/index,503,29/Nov/2025:08:11:20 +0530,DELETE,5993
192.168.1.10,/login,403,29/Nov/2025:07:22:45 +0530,GET,8700
127.0.0.1,/cart,401,29/Nov/2025:08:11:26 +0530,GET,9863
172.16.0.3,/products,301,29/Nov/2025:07:47:08 +0530,POST,4112
172.16.0.3,/index,200,29/Nov/2025:08:35:54 +0530,GET,3102
192.168.1.10,/index,403,29/Nov/2025:07:22:49 +0530,DELETE,733
172.16.0.3,/api/data,401,29/Nov/2025:08:36:02 +0530,GET,7787
10.0.0.5,/api/data,200,29/Nov/2025:07:22:51 +0530,POST,5970
127.0.0.1,/login,404,29/Nov/2025:08:11:44 +0530,PUT,7704
172.16.0.3,/health,201,29/Nov/2025:08:36:14 +0530,DELETE,6077
10.0.0.5,/api/data,200,29/Nov/2025:08:36:18 +0530,POST,5849
103.21.244.0,/api/data,302,29/Nov/2025:07:22:55 +0530,POST,5979
192.168.1.10,/health,503,29/Nov/2025:07:22:56 +0530,PUT,6484
192.168.1.10,/health,401,29/Nov/2025:08:36:30 +0530,GET,1653
172.16.0.3,/cart,403,29/Nov/2025:07:47:30 +0530,PUT,7477
172.16.0.3,/products,201,29/Nov/2025:08:36:38 +0530,DELETE,5089
127.0.0.1,/products,403,29/Nov/2025:07:23:00 +0530,DELETE,6141
172.16.0.3,/cart,302,29/Nov/2025:08:12:11 +0530,DELETE,5388
103.21.244.0,/index,503,29/Nov/2025:07:23:03 +0530,GET,6900
192.168.1.10,/index,301,29/Nov/2025:07:47:42 +0530,GET,6762
127.0.0.1,/api/data,503,29/Nov/2025:07:23:06 +0530,PUT,8586
103.21.244.0,/orders,302,29/Nov/2025:08:37:10 +0530,DELETE,4025
127.0.0.1,/api/data,503,29/Nov/2025:07:23:08 +0530,PUT,663
127.0.0.1,/api/data,200,29/Nov/2025:07:23:09 +0530,GET,7207
127.0.0.1,/index,301,29/Nov/2025:07:23:10 +0530,PUT,756
127.0.0.1,/cart,404,29/Nov/2025:08:12:41 +0530,POST,7186
103.21.244.0,/login,400,29/Nov/2025:08:37:30 +0530,GET,7930
103.21.244.0,/orders,301,29/Nov/2025:07:23:13 +0530,POST,8516
192.168.1.10,/products,404,29/Nov/2025:08:37:38 +0530,GET,5368
127.0.0.1,/index,301,29/Nov/2025:07:48:04 +0530,PUT,3145
192.168.1.10,/health,404,29/Nov/2025:08:37:46 +0530,DELETE,2260
172.16.0.3,/api/data,301,29/Nov/2025:07:23:17 +0530,PUT,263
172.16.0.3,/cart,301,29/Nov/2025:07:23:18 +0530,PUT,3609
172.16.0.3,/login,302,29/Nov/2025:08:37:58 +0530,GET,2369
103.21.244.0,/index,503,29/Nov/2025:07:23:20 +0530,GET,4630
10.0.0.5,/api/data,401,29/Nov/2025:07:23:21 +0530,DELETE,2931
172.16.0.3,/orders,403,29/Nov/2025:08:38:10 +0530,PUT,7533
172.16.0.3,/cart,500,29/Nov/2025:07:23:23 +0530,DELETE,4357
127.0.0.1,/index,503,29/Nov/2025:08:13:23 +0530,DELETE,5770
