short_name,overall,value_eur,age,club_position,skill_moves,pace,shooting,passing,dribbling,defending,skill_dribbling,goalkeeping_diving,goalkeeping_handling,goalkeeping_kicking,goalkeeping_positioning,goalkeeping_reflexes,goalkeeping_speed
Cristiano Ronaldo,91,45000000,36,ST,5,87,94,80,88,34,88,7,11,15,14,11,
K. De Bruyne,91,125500000,30,RCM,4,76,86,93,88,64,88,15,13,5,10,13,
H. Kane,90,129500000,27,ST,3,70,91,83,83,47,83,8,10,11,14,11,
N. Kanté,90,100000000,30,RCM,2,78,66,75,82,87,79,15,12,10,7,10,
H. Son,89,104000000,28,LW,4,88,87,82,86,43,87,11,13,13,6,10,
V. van Dijk,89,86000000,29,LCB,2,78,60,71,72,91,70,13,10,13,11,11,
S. Mané,89,101000000,29,LW,4,91,83,80,89,44,90,10,10,15,7,14,
M. Salah,89,101000000,29,RW,4,90,87,81,90,45,90,14,14,9,11,14,
Ederson,89,94000000,27,GK,1,,,,,,23,87,82,93,88,88,64
Alisson,89,82000000,28,GK,1,,,,,,27,86,86,84,90,89,52
R. Lukaku,88,93500000,28,ST,3,84,87,74,78,39,83,8,15,14,7,10,
R. Sterling,88,107500000,26,SUB,4,91,82,79,87,45,87,15,12,12,15,9,
Bruno Fernandes,88,107500000,26,CAM,4,75,86,89,84,70,83,12,14,15,8,14,
H. Lloris,87,13500000,34,GK,1,,,,,,10,88,83,65,84,90,61
P. Pogba,87,79500000,28,RDM,5,71,81,86,86,65,88,5,6,2,4,3,
A. Robertson,87,83500000,27,LB,3,84,61,81,81,82,81,11,8,10,7,14,
T. Alexander-Arnold,87,114000000,22,RB,3,79,68,88,80,80,78,14,15,14,6,7,
J. Sancho,87,116500000,21,LM,5,81,76,82,91,36,92,7,11,10,11,13,
Rúben Dias,87,102500000,24,RCB,2,61,38,65,68,88,64,7,8,13,7,12,
Thiago,86,65000000,30,LCM,5,63,72,86,90,70,90,6,11,7,9,13,
R. Varane,86,68500000,28,RCB,2,82,49,64,65,87,55,11,11,9,5,14,
R. Mahrez,86,65500000,30,RW,5,81,79,81,90,38,91,15,9,13,11,6,
J. Vardy,86,33000000,34,ST,3,85,84,70,80,52,78,15,14,7,15,11,
Fabinho,86,73500000,27,CDM,3,67,69,78,78,85,78,13,12,6,8,8,
João Cancelo,86,71500000,27,LB,4,85,71,83,84,80,85,6,9,15,14,14,
A. Laporte,86,77000000,27,LCB,2,63,50,72,69,86,63,10,11,5,14,5,
Bernardo Silva,86,80000000,26,SUB,4,80,76,83,91,54,92,9,10,14,12,9,
Rodri,86,81000000,25,CDM,3,61,70,77,78,82,78,10,10,7,14,8,
K. Schmeichel,85,9000000,34,GK,1,,,,,,12,84,78,80,83,90,47
Thiago Silva,85,9500000,36,SUB,2,53,54,72,72,86,67,9,12,5,9,10,
E. Cavani,85,26000000,34,SUB,3,66,86,70,76,51,74,12,5,13,13,10,
İ. Gündoğan,85,51500000,30,LCM,4,65,80,85,86,73,86,11,14,5,5,13,
K. Walker,85,39000000,31,RB,3,92,63,76,78,80,79,12,6,16,15,8,
P. Aubameyang,85,43500000,32,ST,4,89,85,75,80,35,79,6,9,15,9,9,
Roberto Firmino,85,54000000,29,CF,5,77,78,79,89,59,89,8,11,9,6,10,
Jorginho,85,52500000,29,LCM,3,55,67,86,81,73,79,14,7,13,14,8,
W. Ndidi,85,66500000,24,LDM,3,67,62,69,74,87,72,13,14,7,7,13,
M. Rashford,85,77500000,23,SUB,5,90,84,79,84,43,86,11,6,15,7,14,
J. Henderson,84,29500000,31,RCM,3,66,74,83,79,78,78,7,13,7,9,13,
De Gea,84,28000000,30,GK,1,,,,,,18,86,79,76,79,87,57
L. Digne,84,40500000,27,LB,3,79,69,80,80,80,78,6,12,9,6,13,
E. Martínez,84,33500000,28,GK,1,,,,,,13,85,83,82,83,85,58
H. Maguire,84,42500000,28,LCB,2,50,55,69,70,85,71,14,16,9,14,9,
L. Shaw,84,48500000,25,LB,3,79,54,79,80,81,80,10,12,13,7,7,
J. Grealish,84,50500000,25,LW,4,80,76,83,88,46,89,11,6,11,10,13,
H. Ziyech,84,42500000,28,SUB,5,78,76,87,83,50,83,11,7,11,8,14,
Ricardo Pereira,84,40500000,27,RB,3,83,67,78,82,80,81,16,12,15,11,11,
T. Werner,84,56500000,25,SUB,3,91,81,70,82,35,82,9,9,8,15,9,
Y. Tielemans,84,57000000,24,RDM,4,63,79,86,80,71,79,6,8,10,14,12,
K. Havertz,84,94500000,22,SUB,4,82,78,79,84,45,86,6,8,11,10,12,
P. Foden,84,94500000,21,SUB,4,84,78,80,87,56,86,8,15,6,10,13,
Fernandinho,83,7000000,36,SUB,3,59,72,75,78,84,76,12,11,5,13,7,
Azpilicueta,83,25000000,31,RWB,2,66,55,76,72,84,68,13,9,10,6,5,
B. Leno,83,28000000,29,GK,1,,,,,,16,85,80,76,83,85,55
J. Matip,83,30500000,29,RCB,2,58,46,68,68,85,69,11,15,10,7,10,
Allan,83,30500000,30,LDM,4,72,71,77,82,80,81,13,13,5,5,8,
J. Stones,83,41000000,27,SUB,3,70,51,71,74,84,72,7,15,11,10,8,
N. Pope,83,25000000,29,GK,1,,,,,,15,81,83,75,83,84,49
R. Jiménez,83,35500000,30,ST,3,72,82,76,81,47,84,7,11,13,14,10,
J. Pickford,83,33000000,27,GK,1,,,,,,14,83,78,87,80,86,49
A. Rüdiger,83,34500000,28,LCB,2,75,43,68,64,84,60,14,15,10,12,8,
M. Kovačić,83,41500000,27,SUB,4,70,69,83,88,69,89,9,5,6,7,7,
T. Partey,83,36500000,28,RDM,3,69,71,82,81,80,84,11,13,9,9,7,
P. Højbjerg,83,43500000,25,RCM,3,60,71,76,76,81,76,9,7,12,11,11,
A. Wan-Bissaka,83,48500000,23,RB,4,85,52,69,79,81,80,9,8,6,8,8,
Gabriel Jesus,83,52500000,24,SUB,4,84,81,72,86,39,86,13,8,6,6,15,
M. Mount,83,58500000,22,RW,3,74,79,84,83,55,82,11,12,13,8,12,
É. Mendy,83,30000000,29,GK,1,,,,,,13,83,82,78,81,84,35
Ł. Fabiański,82,3400000,36,GK,1,,,,,,14,82,82,71,83,82,49
A. Areola,82,26000000,28,SUB,1,,,,,,15,85,79,76,80,85,55
A. Lacazette,82,30000000,30,SUB,4,75,82,74,82,44,83,11,6,9,5,6,
W. Zaha,82,31000000,28,RW,5,89,77,73,87,34,91,15,10,15,11,10,
Saúl,82,39500000,26,SUB,3,71,78,78,79,78,80,7,13,12,10,9,
P. Gollini,82,35000000,26,SUB,1,,,,,,18,82,81,76,83,82,47
Alex Telles,82,27500000,28,SUB,3,83,73,82,78,77,77,13,8,12,11,14,
J. Maddison,82,41500000,24,CAM,4,75,78,84,84,54,84,11,14,14,12,14,
M. Ødegaard,82,49000000,22,CAM,5,77,74,83,84,58,85,14,15,15,8,10,
Rúben Neves,82,46000000,24,RCM,3,59,75,85,77,74,76,16,12,10,8,10,
Diogo Jota,82,46000000,24,SUB,4,84,81,73,85,57,85,7,12,15,9,11,
J. Gomez,82,43500000,24,SUB,3,81,30,66,69,83,67,8,13,14,7,7,
C. Pulisic,82,49000000,22,LW,4,89,70,73,86,37,88,8,12,13,16,14,
L. Bailey,82,41500000,23,SUB,4,93,78,74,84,33,86,12,13,6,15,14,
B. Chilwell,82,40500000,24,SUB,3,76,53,77,78,78,78,10,7,14,7,10,
Richarlison,82,46500000,24,LM,4,83,78,73,83,53,86,12,7,8,11,13,
C. Romero,82,41500000,23,SUB,3,76,46,52,61,83,50,5,7,11,10,14,
Raphinha,82,46000000,24,RM,4,91,76,76,84,49,86,8,7,13,8,14,
D. Rice,82,43000000,22,LDM,2,66,53,71,74,81,75,8,11,14,5,9,
T. Ndombele,82,46000000,24,SUB,4,71,72,81,88,69,89,8,10,13,8,7,
T. Souček,82,36000000,26,RDM,3,64,72,74,74,82,74,11,13,5,6,8,
Ferran Torres,82,68500000,21,ST,4,82,79,78,82,35,84,12,9,11,15,12,
D. Ings,81,26500000,28,ST,3,79,84,70,80,45,78,10,13,12,16,6,
J. Rodríguez,81,25500000,29,SUB,4,53,86,86,86,50,86,15,15,15,5,14,
Lucas Moura,81,26000000,28,RW,4,90,79,70,86,43,88,9,10,14,7,14,
J. Tarkowski,81,24500000,28,RCB,2,57,45,67,65,82,63,14,8,12,9,7,
K. Zouma,81,30000000,26,SUB,2,65,51,63,57,81,50,14,14,7,9,15,
J. Ward-Prowse,81,33500000,26,RCM,3,59,74,86,78,67,76,12,12,10,15,15,
Fred,81,22500000,28,LDM,4,77,66,77,81,75,79,7,16,15,11,15,
A. Martial,81,34500000,25,SUB,4,87,80,73,85,35,88,9,8,8,15,11,
M. Dúbravka,81,13000000,32,SUB,1,,,,,,19,79,78,80,79,82,46
D. van de Beek,81,38500000,24,SUB,3,68,78,76,79,72,76,7,12,8,10,14,
D. Calvert-Lewin,81,37500000,24,ST,3,83,77,64,77,39,76,12,12,8,7,11,
K. Phillips,81,32500000,25,CDM,3,67,65,76,75,78,73,8,8,8,12,14,
N. Pépé,81,30500000,26,RM,4,88,79,75,83,36,85,11,14,11,6,8,
G. Lo Celso,81,35500000,25,SUB,4,75,76,82,83,69,83,10,7,10,15,14,
H. Barnes,81,35000000,23,LM,3,86,77,76,81,45,82,6,5,11,8,10,
R. James,81,37000000,21,RCB,3,80,58,77,77,76,77,8,12,7,13,11,
Cucurella,81,41500000,22,SUB,3,79,67,78,80,73,80,13,7,9,10,11,
Reguilón,81,32500000,24,LB,3,86,58,75,78,78,78,11,14,9,5,12,
João Moutinho,80,9500000,34,LCM,3,50,72,84,80,70,76,13,15,15,13,13,
J. Evans,80,10000000,33,SUB,2,52,32,61,60,83,51,12,16,16,15,8,
A. Ogbonna,80,10000000,33,LCB,2,56,40,60,62,82,61,5,3,5,4,4,
Guaita,80,3600000,34,GK,1,,,,,,16,81,79,77,77,82,51
M. Keane,80,20000000,28,LCB,2,55,49,65,65,82,64,16,7,8,14,11,
Jonny,80,22000000,27,SUB,3,75,53,71,76,79,76,7,10,12,10,6,
D. Alli,80,26500000,25,LCM,4,68,78,78,82,65,83,7,6,9,11,8,
A. Christensen,80,28000000,25,CB,2,65,31,65,68,83,66,10,12,8,6,8,
N. Keïta,80,27500000,26,SUB,4,70,73,75,85,65,85,7,14,15,14,9,
V. Lindelöf,80,23000000,26,SUB,3,63,51,73,72,81,70,12,16,8,7,9,
S. Bergwijn,80,30000000,23,SUB,4,85,78,75,82,39,84,11,14,12,14,13,
K. Tierney,80,31000000,24,LB,3,84,60,75,77,75,78,13,16,8,12,13,
O. Zinchenko,80,29500000,24,SUB,3,73,65,80,80,77,80,15,11,13,11,11,
Nélson Semedo,80,22000000,27,RWB,4,82,57,68,81,75,81,16,12,10,14,12,
Ç. Söyüncü,80,25000000,25,RCB,2,76,46,60,67,80,65,6,7,7,7,7,
D. Henderson,80,36000000,24,SUB,1,,,,,,13,80,79,78,76,83,50
S. McTominay,80,27500000,24,SUB,3,66,75,75,75,78,78,9,6,6,10,11,
N. Vlašić,80,33500000,23,SUB,3,83,77,78,82,48,85,6,14,15,9,14,
V. Coufal,80,19000000,28,RB,3,77,56,73,75,78,73,13,12,12,6,13,
B. Saka,80,45500000,19,LM,3,84,68,76,82,65,84,7,8,13,9,13,
J. Milner,79,7000000,35,SUB,3,56,70,81,77,77,76,12,9,10,8,6,
G. Sigurðsson,79,14500000,31,RES,3,54,78,82,78,59,78,13,8,10,15,12,
A. Cresswell,79,12500000,31,LB,3,70,60,75,76,77,76,14,7,9,9,12,
B. Mee,79,12000000,31,LCB,2,62,42,58,63,81,59,15,7,12,10,14,
M. Antonio,79,15000000,31,ST,4,83,76,73,78,55,79,12,13,8,14,10,
N. Matić,79,11500000,32,SUB,3,36,67,75,73,80,75,7,15,12,14,9,
C. Wood,79,17500000,29,RS,2,64,79,60,70,40,69,14,16,16,7,16,
Marcos Alonso,79,15000000,30,LWB,3,58,74,78,77,75,78,9,7,13,9,12,
C. Wilson,79,17500000,29,RS,4,80,78,66,78,41,78,10,15,8,10,6,
Rodrigo,79,17000000,30,SUB,4,86,78,75,79,45,79,7,13,10,11,5,
A. Oxlade-Chamberlain,79,18500000,27,SUB,4,81,74,77,82,67,83,16,9,6,9,9,
G. Xhaka,79,15500000,28,LDM,3,50,64,79,69,69,66,7,8,11,7,13,
C. Coady,79,17500000,28,CB,2,47,58,75,67,79,62,8,15,10,12,8,
E. Dier,79,17500000,27,LCB,2,53,64,69,64,79,65,11,14,6,13,9,
W. Boly,79,14500000,30,SUB,2,62,36,64,65,79,63,7,8,15,10,9,
B. Mendy,79,19000000,26,RES,3,74,54,76,76,75,77,7,7,9,15,9,
B. Davies,79,16000000,28,SUB,3,69,58,75,75,78,75,11,7,6,7,14,
Kepa,79,19000000,26,SUB,1,,,,,,10,78,77,85,76,81,34
J. Lingard,79,17500000,28,SUB,4,76,79,75,80,58,80,14,10,8,13,9,
A. Doucouré,79,17500000,28,RDM,3,70,76,72,76,77,77,15,12,12,15,14,
José Sá,79,15000000,28,GK,1,,,,,,17,80,77,62,76,83,44
A. Saint-Maximin,79,26500000,24,LS,5,91,69,70,87,25,91,10,9,12,7,7,
Y. Mina,79,19000000,26,SUB,2,45,54,60,60,80,62,10,8,12,9,12,
D. Sánchez,79,19500000,25,RCB,2,75,45,55,65,80,62,9,7,10,6,15,
T. Castagne,79,21500000,25,SUB,3,78,57,71,76,75,77,14,9,15,10,15,
E. Bailly,79,17500000,27,SUB,3,73,42,58,67,79,67,14,14,10,9,8,
E. Buendía,79,26500000,24,RW,4,73,73,80,81,64,81,11,10,13,7,9,
Pablo Fornals,79,23000000,25,RM,4,68,74,79,79,69,79,9,11,12,7,15,
Gabriel,79,24000000,23,LCB,2,68,36,60,58,80,52,12,8,13,10,7,
Y. Bissouma,79,24500000,24,LCM,4,70,68,75,78,77,80,12,8,8,12,8,
Emerson,79,25000000,22,RB,3,84,62,71,74,74,74,11,13,9,10,13,
A. Young,78,4300000,35,SUB,4,72,66,74,77,73,78,16,10,15,16,15,
B. Foster,78,1600000,38,SUB,1,,,,,,14,78,77,73,78,78,46
Juan Mata,78,9000000,33,SUB,4,55,71,81,81,36,80,9,10,14,5,8,
S. Coleman,78,9500000,32,RB,3,66,65,73,76,78,77,5,15,10,13,7,
M. Sissoko,78,10000000,31,RCM,3,74,61,73,75,75,78,14,8,11,10,8,
C. Kouyaté,78,9500000,31,CDM,3,64,64,62,69,78,68,15,8,9,12,9,
A. Westwood,78,10000000,31,RCM,3,58,62,80,74,74,70,10,13,13,7,8,
R. Barkley,78,16000000,27,RES,4,69,73,77,78,57,81,9,14,12,6,10,
Oriol Romeu,78,12000000,29,LCM,2,41,44,62,65,80,63,12,14,10,11,16,
L. Dunk,78,13000000,29,LCB,2,46,51,62,64,79,65,15,16,9,12,6,
M. Doherty,78,12500000,29,SUB,3,68,64,73,75,75,74,15,8,12,11,9,
J. Vestergaard,78,13500000,28,LCB,2,32,48,62,49,79,45,16,11,11,15,10,
P. Bamford,78,15000000,27,ST,3,73,78,67,73,42,70,9,7,11,6,16,
R. Saïss,78,9500000,31,LCB,3,58,56,69,70,79,68,10,16,6,11,7,
N. Aké,78,16500000,26,SUB,2,76,53,70,71,80,67,10,7,7,16,10,
J. McGinn,78,16500000,26,RCM,3,70,73,75,78,71,80,9,13,12,10,12,
T. Mings,78,14000000,28,LCB,3,72,44,67,66,78,68,7,10,13,7,15,
Adama Traoré,78,18500000,25,LW,4,96,66,67,86,38,92,13,9,11,12,7,
Ayoze Pérez,78,15000000,27,RM,4,77,73,72,80,58,81,12,12,11,14,8,
O. Watkins,78,21000000,25,SUB,3,85,75,68,75,46,75,14,14,14,6,10,
J. Bowen,78,21000000,24,SUB,4,76,74,73,79,44,80,14,8,14,10,7,
K. Iheanacho,78,20500000,24,SUB,4,74,80,70,77,38,79,8,7,7,11,15,
Daniel Podence,78,18500000,25,SUB,4,90,65,71,85,33,86,14,14,8,7,15,
M. Cash,78,20000000,23,RB,3,81,63,68,73,72,73,15,16,13,13,8,
E. Konsa,78,20000000,23,RCB,2,77,39,62,71,79,70,14,8,11,13,9,
J. Harrison,78,22000000,24,LM,4,83,71,72,79,42,79,11,8,10,6,11,
I. Sarr,78,31000000,23,RM,4,94,76,67,80,22,82,14,13,7,6,9,
I. Konaté,78,29500000,22,SUB,3,71,34,57,67,80,67,9,7,9,9,15,
Pedro Neto,78,28500000,21,SUB,4,87,74,69,81,31,83,6,13,7,12,6,
B. Soumaré,78,27000000,22,SUB,3,70,56,74,77,72,78,11,6,13,5,10,
Junior Firpo,78,18500000,24,LB,3,81,64,71,72,75,73,7,7,7,14,14,
M. Greenwood,78,30500000,19,RM,3,84,78,73,79,39,81,5,6,6,9,8,
W. Fofana,78,29000000,20,RES,2,74,37,55,64,80,61,14,12,9,14,6,
T. Krul,77,3400000,33,GK,1,,,,,,13,77,75,71,77,79,40
M. Lanzini,77,10500000,28,CAM,4,71,72,77,81,32,82,14,9,6,7,15,
S. Rondón,77,9000000,31,SUB,3,69,76,66,71,32,70,13,13,7,5,14,
J. Kucka,77,4900000,34,SUB,3,58,74,73,74,77,75,14,8,9,15,8,
C. Dawson,77,7000000,31,RCB,2,51,47,59,57,79,48,7,8,7,7,5,
A. Townsend,77,10500000,29,RM,4,77,74,75,79,38,81,13,11,11,11,13,
S. Armstrong,77,10500000,29,RM,3,73,77,75,76,65,77,14,8,13,11,13,
J. Lascelles,77,12000000,27,CB,2,58,35,51,56,77,47,10,15,7,10,15,
L. Trossard,77,12500000,26,CAM,4,82,76,74,80,30,79,14,8,11,7,7,
B. Traoré,77,12500000,25,SUB,4,78,73,73,82,45,82,11,7,7,13,12,
J. Veltman,77,9000000,29,RWB,2,64,49,66,69,79,66,7,10,6,9,11,
M. Elneny,77,9500000,28,RES,3,56,64,73,70,73,68,7,15,15,12,6,
André Gomes,77,11000000,27,SUB,4,54,67,76,76,69,77,12,9,6,14,8,
N. Maupay,77,16000000,24,RS,3,77,78,67,73,41,68,11,12,7,8,14,
A. Masuaku,77,11000000,27,SUB,4,80,63,72,79,70,82,8,7,10,7,7,
L. Dendoncker,77,13500000,26,SUB,2,61,72,77,71,78,73,14,8,14,14,6,
Diego Llorente,77,11000000,27,RCB,2,71,40,62,65,76,56,8,12,11,9,7,
A. Iwobi,77,13000000,25,SUB,4,77,64,72,80,38,83,14,7,12,14,11,
J. Gbamin,77,12500000,25,SUB,3,73,57,73,73,77,74,11,13,8,14,10,
M. Targett,77,14500000,25,LB,3,74,46,72,72,73,72,10,15,8,11,14,
S. Benrahma,77,14000000,25,LM,4,77,72,73,81,38,83,16,7,8,11,11,
H. Winks,77,12500000,25,SUB,3,60,58,76,80,71,78,8,11,14,13,10,
J. Andersen,77,12500000,25,RCB,2,58,47,63,59,77,53,13,7,9,15,14,
M. Holgate,77,13500000,24,RCB,3,73,43,69,69,78,67,13,12,9,8,16,
B. Godfrey,77,22000000,23,SUB,2,83,44,61,66,76,62,7,6,12,14,11,
K. Walker-Peters,77,15000000,24,SUB,3,76,38,68,75,73,74,9,8,7,11,12,
R. Holding,77,13000000,25,SUB,2,57,34,60,65,79,63,14,11,10,14,13,
M. Rashica,77,15500000,25,LM,4,83,77,71,83,46,85,7,14,7,14,6,
A. Lookman,77,16500000,23,SUB,4,85,73,68,82,29,83,12,12,9,15,6,
M. Almirón,77,12000000,27,LCM,4,86,72,74,79,53,82,6,9,13,13,12,
R. Perraud,77,15500000,23,LB,3,74,72,75,74,72,75,6,7,10,11,13,
J. Justin,77,15500000,23,SUB,3,82,50,69,73,73,73,13,7,6,5,14,
I. Diop,77,15000000,24,SUB,2,65,36,52,56,78,50,10,7,6,14,9,
D. James,77,16000000,23,SUB,3,95,72,70,76,46,73,7,6,11,15,9,
Z. Steffen,77,12000000,26,SUB,1,,,,,,15,78,73,74,72,83,53
E. Eze,77,16500000,23,SUB,4,77,69,73,81,47,83,10,12,9,14,10,
Douglas Luiz,77,14500000,23,CDM,3,67,67,74,76,74,75,12,6,13,10,7,
R. Koch,77,19500000,24,SUB,2,66,38,61,64,78,59,9,6,15,8,6,
C. Hudson-Odoi,77,23000000,20,SUB,4,82,67,74,81,40,83,14,13,11,15,5,
P. Daka,77,21500000,22,SUB,3,93,78,59,76,24,74,8,6,9,5,11,
I. Meslier,77,20500000,21,GK,1,,,,,,20,79,76,73,73,81,36
D. McNeil,77,17000000,21,LM,3,72,68,77,80,53,81,6,14,14,12,14,
T. Heaton,76,825000,35,RES,1,,,,,,17,74,75,74,78,75,56
T. Walcott,76,6000000,32,SUB,3,85,70,69,78,39,78,11,8,9,9,8,
R. Bertrand,76,5500000,31,LB,3,74,53,72,75,73,76,11,13,15,10,15,
J. Cork,76,5000000,32,SUB,3,44,60,71,69,75,66,13,11,16,6,6,
A. Begović,76,1300000,34,SUB,1,,,,,,16,76,77,73,74,76,47
M. Albrighton,76,6000000,31,SUB,3,70,68,76,76,61,77,15,9,8,15,14,
L. Ayling,76,6500000,29,RB,3,66,54,64,72,76,74,9,11,11,9,8,
T. Pukki,76,6500000,31,ST,3,76,76,60,75,34,73,13,8,8,9,7,
P. Groß,76,7000000,30,RCM,4,50,74,80,75,58,76,8,15,15,16,11,
K. Darlow,76,5500000,30,SUB,1,,,,,,14,77,73,68,75,78,58
A. Yarmolenko,76,6000000,31,SUB,4,61,79,77,78,42,81,9,5,6,5,14,
N. Redmond,76,8000000,27,SUB,4,81,72,70,81,30,82,12,14,16,6,10,
M. Lowton,76,5000000,32,RB,2,66,61,73,72,76,72,11,6,6,13,7,
Cédric,76,6500000,29,SUB,3,76,63,70,75,72,75,11,14,12,12,11,
C. Taylor,76,8000000,27,LB,3,69,54,70,72,75,74,13,6,14,13,8,
R. Fredericks,76,7000000,28,SUB,3,91,51,66,73,70,74,16,7,8,15,9,
I. Hayden,76,9000000,26,CM,2,58,60,63,70,75,71,9,15,8,8,12,
L. Milivojević,76,6500000,30,SUB,2,50,67,75,68,75,62,13,9,16,6,12,
W. Hughes,76,9000000,26,SUB,4,63,64,77,77,68,78,7,15,12,9,12,
Pablo Marí,76,8000000,27,SUB,2,53,40,51,51,76,41,6,14,7,13,12,
F. Schär,76,7000000,29,RCB,2,58,67,70,68,77,66,8,9,11,10,15,
M. Sanson,76,9000000,26,SUB,4,72,73,76,76,70,76,6,16,16,9,9,
I. Toney,76,10500000,25,LS,3,80,75,58,72,46,68,16,8,8,7,8,
D. Amartey,76,8500000,26,SUB,3,65,55,65,69,76,69,13,13,13,8,15,
D. Origi,76,10000000,26,SUB,4,79,75,67,75,27,76,15,13,16,11,15,
A. El Ghazi,76,9000000,26,LW,4,73,78,70,76,35,78,13,9,7,14,11,
J. Bednarek,76,10500000,25,SUB,2,52,22,53,55,78,50,11,13,16,7,9,
J. Brownhill,76,10000000,25,LCM,3,69,67,72,74,74,73,8,11,12,7,9,
A. Armstrong,76,12000000,24,LS,3,90,77,66,76,35,74,10,13,13,12,7,
M. Normann,76,10500000,25,SUB,3,72,64,72,75,71,74,14,6,9,13,7,
O. Tufan,76,9500000,26,SUB,3,75,73,73,76,73,79,6,14,8,7,15,
C. Adams,76,11500000,24,RS,3,84,77,62,74,40,73,16,13,12,15,9,
Robert Sanchéz,76,9500000,23,GK,1,,,,,,15,76,73,69,75,78,45
P. Lees-Melou,76,7500000,28,RCM,3,67,72,77,76,67,77,14,6,12,9,10,
B. White,76,15500000,23,RCB,2,69,27,61,67,77,65,8,11,12,5,6,
Diogo Dalot,76,11500000,22,RES,3,79,60,70,77,72,78,10,6,10,6,8,
O. Kabak,76,15500000,21,SUB,2,69,36,56,69,74,67,10,13,10,6,5,
E. Smith Rowe,76,16500000,20,SUB,4,78,64,73,78,32,79,11,8,14,8,10,
Trincão,76,17000000,21,RW,4,79,71,70,81,37,83,5,9,6,15,7,
M. Salisu,76,15500000,22,LCB,2,67,36,51,55,76,47,7,7,11,10,6,
Bryan Gil,76,16500000,20,SUB,3,78,67,72,81,26,82,13,10,14,6,6,
Gabriel Martinelli,76,18000000,20,SUB,3,87,69,67,78,44,78,10,6,7,6,6,
M. Noble,75,2600000,34,SUB,3,37,67,76,73,72,74,7,6,14,16,11,
D. Rose,75,4800000,30,SUB,3,72,58,71,75,74,75,10,11,8,13,13,
D. Randolph,75,950000,34,RES,1,,,,,,14,77,72,67,73,76,42
J. McArthur,75,3500000,33,RCM,3,53,66,72,74,75,71,9,9,9,9,9,
F. Forster,75,1800000,33,SUB,1,,,,,,20,75,71,64,74,79,30
J. Tomkins,75,3600000,32,SUB,2,33,32,56,49,77,44,11,8,6,9,14,
A. Lallana,75,3500000,33,SUB,4,67,70,78,79,62,80,6,15,14,8,11,
C. Clark,75,3800000,31,SUB,2,51,51,53,55,77,50,14,7,12,14,12,
F. Delph,75,3900000,31,SUB,3,65,67,73,75,72,72,10,9,14,11,6,
C. Benteke,75,5500000,30,ST,2,54,76,62,68,32,64,14,5,12,8,5,
J. King,75,5500000,29,SUB,4,79,76,68,76,38,77,12,9,11,12,7,
A. Barnes,75,4800000,31,LS,3,57,75,68,72,47,69,6,10,11,10,10,
J. Shelvey,75,5500000,29,SUB,3,49,72,78,72,61,73,14,11,15,8,16,
A. McCarthy,75,3000000,31,GK,1,,,,,,17,74,74,61,75,80,57
L. Cooper,75,4700000,29,LCB,2,50,35,56,58,76,53,10,12,10,9,15,
Kiko Femenía,75,4800000,30,SUB,3,74,57,70,74,70,72,16,15,7,15,11,
C. Kabasele,75,4600000,30,SUB,2,67,50,51,61,76,59,14,11,6,14,16,
N. Clyne,75,4800000,30,SUB,3,69,60,71,75,74,75,10,11,13,15,7,
J. Guðmundsson,75,5500000,30,RM,4,67,73,76,75,61,75,7,6,14,10,8,
M. Klich,75,4600000,31,LCM,3,66,72,74,73,61,73,11,16,12,11,14,
P. Jansson,75,4600000,30,CB,2,59,42,53,62,75,62,9,5,14,6,7,
J. Ayew,75,5500000,29,LW,4,76,74,70,78,46,79,6,8,7,16,8,
D. Burn,75,4700000,29,SUB,2,48,33,63,58,75,59,15,13,7,8,10,
N. Mendy,75,4800000,29,SUB,3,67,54,69,75,74,71,14,12,9,12,15,
G. Hanley,75,4700000,29,RCB,2,52,32,45,51,76,43,9,9,11,12,8,
J. Schlupp,75,5500000,28,SUB,3,84,69,67,76,69,78,9,7,8,10,9,
F. Fernández,75,3600000,32,LCB,2,47,30,55,54,76,44,12,12,13,14,12,
M. Elyounoussi,75,6000000,26,SUB,4,75,74,72,77,54,76,12,7,8,7,13,
S. Dallas,75,5500000,30,RCM,3,74,69,70,73,73,73,13,7,11,13,7,
L. Karius,75,5000000,28,RES,1,,,,,,16,80,68,75,72,79,55
C. Chambers,75,6500000,26,RB,2,66,56,70,68,76,66,11,14,12,7,12,
S. March,75,6000000,26,LWB,3,73,67,73,77,67,79,9,11,7,13,15,
A. Webster,75,7500000,26,RCB,2,69,31,59,68,75,66,10,8,14,7,12,
Marçal,75,3900000,32,LWB,3,71,56,71,72,75,70,6,11,14,13,11,
R. Fraser,75,6000000,27,SUB,3,84,71,70,78,46,77,15,14,15,7,10,
S. Kolašinac,75,5000000,28,RES,3,75,62,68,71,71,74,15,9,16,7,9,
K. Hause,75,6000000,25,SUB,2,61,45,60,59,74,54,15,16,14,10,14,
R. Loftus-Cheek,75,7500000,25,SUB,4,65,67,73,77,59,80,11,7,12,15,13,
M. Cornet,75,7000000,24,SUB,3,86,75,70,74,67,73,16,13,8,12,9,
D. Gray,75,7500000,25,CAM,4,86,71,67,79,37,83,6,11,11,13,10,
J. Riedewald,75,7000000,24,SUB,3,60,56,74,69,74,66,15,7,15,9,15,
M. Nakamba,75,6000000,27,SUB,3,70,49,62,71,74,70,9,15,10,15,8,
K. Ajer,75,11500000,23,RCB,3,73,55,61,68,75,72,9,9,14,7,10,
C. Roberts,75,7000000,25,SUB,3,80,48,65,67,68,67,6,12,8,12,13,
T. Cantwell,75,11500000,23,RM,4,72,68,72,78,39,77,10,8,14,15,16,
A. Maitland-Niles,75,8000000,23,RES,4,81,63,70,77,71,78,15,9,7,10,13,
Trezeguet,75,6500000,26,SUB,4,77,73,71,78,36,80,8,10,15,10,7,
Hwang Hee Chan,75,7500000,25,SUB,3,84,75,70,78,28,79,11,7,10,11,15,
T. Minamino,75,6500000,26,RES,3,79,73,69,81,36,81,9,12,8,15,14,
T. Davies,75,8000000,23,SUB,3,65,64,73,75,69,76,11,12,9,14,10,
T. Tomiyasu,75,12000000,22,SUB,2,68,32,63,69,76,68,9,14,6,5,11,
O. Edouard,75,12500000,23,SUB,4,83,74,67,79,45,80,7,6,13,11,13,
Y. Wissa,75,7500000,24,SUB,3,88,74,65,76,28,77,14,7,6,8,15,
R. Sessegnon,75,12000000,21,SUB,4,82,65,70,76,68,74,6,11,7,8,7,
J. Mateta,75,8500000,24,SUB,3,69,73,53,71,32,74,8,8,7,13,11,
J. Hernández,75,9000000,22,SUB,3,83,75,65,73,42,75,9,11,11,9,6,
J. Willock,75,12500000,21,RCM,3,76,72,68,76,61,78,11,6,12,8,9,
F. Onyeka,75,8000000,23,RCM,3,87,58,66,72,74,69,15,9,7,6,14,
A. Mac Allister,75,11500000,22,SUB,3,70,76,77,74,56,74,7,10,14,15,10,
M. Aarons,75,12000000,21,RB,3,81,42,64,75,70,76,11,11,7,9,8,
O. Skipp,75,11500000,20,CDM,2,62,46,67,67,71,64,8,12,9,7,5,
I. Louza,75,9000000,22,SUB,4,61,64,74,76,63,76,7,15,6,6,5,
E. Mwepu,75,9000000,23,SUB,3,82,73,71,75,71,76,15,7,12,14,8,
B. Williams,75,8000000,20,SUB,3,80,57,65,73,70,73,10,13,11,7,7,
A. Král,75,12000000,23,SUB,3,75,70,71,75,72,75,11,13,10,11,12,
J. Rodriguez,74,3600000,31,SUB,3,67,76,67,73,42,73,12,12,16,14,9,
W. Hennessey,74,725000,34,SUB,1,,,,,,8,76,74,77,74,71,40
E. Pieters,74,2900000,32,SUB,3,63,39,68,69,74,70,16,15,8,12,10,
M. Kelly,74,2900000,31,SUB,2,50,44,59,61,76,58,7,11,8,7,8,
J. Ward,74,3100000,31,RB,3,54,52,67,66,77,64,8,7,7,10,11,
M. Ritchie,74,3100000,31,LWB,4,65,73,75,76,65,77,15,8,11,14,13,
T. Cleverley,74,3500000,31,LCM,3,60,69,74,73,61,72,15,11,9,12,13,
C. Tosun,74,4100000,30,RES,3,66,76,65,72,36,72,12,14,12,12,9,
Adrián,74,725000,34,RES,1,,,,,,15,77,70,68,72,77,45
P. Jones,74,3500000,29,RES,2,51,50,60,56,75,57,10,8,6,16,11,
M. Vydra,74,4200000,29,SUB,3,80,74,68,75,36,74,10,11,12,13,15,
J. Hendrick,74,4100000,29,SUB,3,64,68,74,74,70,76,12,6,9,9,14,
J. Stephens,74,4500000,27,RCB,2,53,42,61,67,76,67,13,10,11,13,10,
P. Dummett,74,3500000,29,RES,2,64,40,63,67,76,65,15,11,13,11,13,
D. Ward,74,3000000,28,SUB,1,,,,,,19,75,72,66,73,75,45
Manquillo,74,4400000,27,SUB,3,70,44,63,72,72,72,14,7,14,12,13,
David Raya,74,4600000,25,GK,1,,,,,,17,73,73,76,70,74,53
F. Woodman,74,7000000,24,GK,1,,,,,,17,74,70,70,73,74,47
Joelinton,74,6000000,24,SUB,3,76,70,62,73,43,75,9,13,8,13,13,
J. Kenny,74,4800000,24,SUB,3,71,49,65,70,71,68,6,13,16,13,15,
R. Henry,74,6000000,23,LWB,3,91,40,60,73,67,69,13,12,12,6,12,
A. Masina,74,4400000,27,LB,3,62,42,66,68,72,69,14,14,13,7,6,
M. Jensen,74,5500000,25,SUB,3,67,63,75,73,65,69,5,13,10,8,12,
A. Tuanzebe,74,8000000,23,SUB,3,80,36,63,69,73,66,5,8,5,13,12,
K. Tsimikas,74,5500000,25,SUB,3,83,57,69,72,69,71,8,12,8,13,10,
A. Ramsdale,74,5000000,23,SUB,1,,,,,,18,75,72,69,71,76,48
M. Sarr,74,5500000,22,SUB,2,68,52,68,66,75,62,6,9,14,12,8,
D. Giannoulis,74,5500000,25,LB,3,82,48,65,70,70,70,14,5,13,9,12,
J. Tanganga,74,9000000,22,SUB,2,77,34,62,69,74,70,11,9,12,7,14,
E. Nketiah,74,8500000,22,SUB,3,83,72,55,74,24,74,12,10,11,9,5,
M. Djenepo,74,6500000,23,LM,3,82,68,66,80,36,83,12,9,9,14,10,
C. Gallagher,74,9500000,21,LCM,3,71,69,70,73,61,75,7,6,15,9,9,
E. Pinnock,74,4000000,28,LCB,2,68,37,57,60,74,55,5,9,13,6,8,
E. Dennis,74,6500000,23,ST,4,88,72,60,76,38,76,13,7,11,11,13,
P. Struijk,74,9000000,21,SUB,2,58,35,60,62,75,59,14,8,8,10,14,
T. Lamptey,74,9000000,20,SUB,2,87,44,66,75,67,75,15,13,12,5,13,
B. Mbeumo,74,9500000,21,RS,4,83,73,69,74,37,73,7,14,15,13,14,
C. Tzolis,74,10000000,19,SUB,4,86,71,66,76,35,79,15,10,12,6,10,
A. Lennon,73,1400000,34,SUB,3,78,60,70,77,48,79,14,7,7,16,11,
D. Stephens,73,2000000,32,RES,3,49,62,71,67,71,64,11,15,8,13,10,
D. Welbeck,73,3000000,30,LS,3,71,72,67,72,42,72,9,10,6,12,16,
L. Rupp,73,2900000,30,LCM,3,63,66,74,74,66,72,5,12,7,8,9,
K. McLean,73,3000000,29,SUB,3,65,70,70,72,65,70,8,14,15,14,9,
J. Butland,73,2400000,28,SUB,1,,,,,,21,73,68,66,74,75,57
D. Gayle,73,3000000,30,SUB,3,75,74,58,73,28,71,10,7,16,8,8,
E. Krafth,73,3300000,26,SUB,3,66,58,67,70,72,69,8,13,15,14,7,
S. Byram,73,2900000,27,SUB,3,71,60,66,71,71,71,10,9,15,16,13,
C. Nørgaard,73,3300000,27,CM,3,62,57,68,69,73,67,11,9,13,14,11,
W. Troost-Ekong,73,3200000,27,RCB,2,61,32,45,44,76,37,6,15,10,9,7,
K. Sema,73,3200000,27,LM,3,78,66,71,74,60,76,7,11,10,16,7,
H. Choudhury,73,4000000,23,RES,2,64,45,62,66,74,63,9,14,8,10,11,
T. Roberts,73,6000000,22,SUB,3,75,69,68,75,38,75,12,8,13,9,13,
T. Chalobah,73,5500000,21,SUB,3,65,43,63,68,72,69,5,5,9,9,7,
J. Lewis,73,6000000,23,SUB,3,77,53,64,74,70,75,14,7,5,5,13,
J. Dasilva,73,7000000,22,RES,3,74,70,73,74,62,75,11,13,8,10,14,
V. Janelt,73,5500000,23,LCM,3,66,62,66,68,70,67,6,8,6,6,14,
Álvaro,73,6000000,23,SUB,1,,,,,,14,77,68,67,72,75,47
I. Diallo,73,6000000,22,SUB,3,64,48,64,70,71,69,8,9,8,14,6,
N. Phillips,73,4400000,24,SUB,2,53,30,49,51,73,48,9,6,6,12,10,
M. Guéhi,73,6000000,20,LCB,2,71,31,49,64,74,61,8,9,11,12,12,
A. Sambi Lokonga,73,7000000,21,SUB,3,66,58,72,77,67,76,14,7,6,13,9,
C. Jones,73,7500000,20,SUB,4,67,65,70,76,63,77,6,13,7,11,7,
R. Aït Nouri,73,6500000,20,SUB,2,75,42,63,73,70,75,15,11,8,14,12,
H. Elliott,73,7000000,18,SUB,4,79,62,71,78,30,77,10,10,6,14,7,
M. Olise,73,7000000,19,SUB,4,78,64,74,77,50,74,9,11,9,10,10,
S. Long,72,1100000,34,SUB,3,81,69,61,72,36,74,11,13,10,11,10,
W. Reid,72,1500000,32,SUB,2,40,51,45,41,73,34,13,15,9,10,12,
C. Cathcart,72,1500000,32,RB,2,35,37,55,53,74,47,8,6,12,9,13,
Zanka,72,1600000,31,SUB,2,52,39,57,54,72,46,16,9,9,14,13,
D. Gosling,72,1900000,31,RES,3,50,68,71,68,70,65,6,15,14,15,6,
J. Steer,72,1900000,28,SUB,1,,,,,,11,73,70,70,70,72,51
S. Duffy,72,2000000,29,CB,2,41,47,49,48,72,45,9,11,16,8,12,
B. Gibson,72,2200000,28,LCB,2,53,29,49,52,73,40,12,8,16,16,11,
C. Musonda,72,3200000,24,RES,4,78,63,69,79,24,80,6,6,7,8,9,
J. Murphy,72,2800000,26,RWB,3,78,67,68,74,61,77,13,16,13,10,6,
A. Gunn,72,2600000,25,SUB,1,,,,,,20,73,70,69,69,74,48
Sergi Canós,72,3400000,24,RWB,3,71,69,67,74,54,76,7,8,15,15,15,
F. Sierralta,72,3400000,24,LCB,2,53,30,50,53,70,46,12,10,9,7,13,
J. Rodon,72,4900000,23,RES,2,58,29,49,57,74,53,10,13,7,11,8,
Lyanco,72,4900000,24,RES,2,65,36,52,58,72,57,9,7,13,10,8,
O. Etebo,72,3200000,25,CDM,3,77,65,68,75,71,74,10,12,13,12,15,
S. Longstaff,72,4700000,23,SUB,2,57,65,70,69,64,68,6,8,13,14,12,
B. Gilmour,72,5500000,20,CDM,3,67,54,70,73,68,72,9,7,9,13,12,
P. Bardsley,71,425000,36,SUB,3,43,58,65,67,74,67,11,8,9,9,8,
A. Forshaw,71,1800000,29,SUB,3,65,61,72,72,64,68,10,7,12,13,16,
K. Long,71,1500000,30,SUB,2,51,35,50,56,71,53,8,14,7,8,7,
M. Bettinelli,71,1600000,29,RES,1,,,,,,15,71,68,73,73,73,30
J. Locadia,71,2200000,27,RES,3,70,70,66,71,35,72,10,7,8,13,10,
T. Fosu,71,2400000,25,SUB,4,85,64,64,73,38,72,11,13,9,12,7,
K. Dowell,71,2800000,23,SUB,3,64,68,70,72,44,73,8,13,7,14,8,
Y. Valery,71,4000000,22,SUB,3,72,52,60,69,70,72,12,14,7,11,14,
K. Dewsbury-Hall,71,4200000,22,RES,3,62,61,68,71,63,72,12,15,9,10,7,
C. Zimmermann,71,1600000,28,RES,2,47,33,40,43,72,36,11,9,9,12,14,
T. Mitchell,71,4000000,21,LB,2,74,37,56,66,71,65,9,12,14,8,14,
J. Sargent,71,4200000,21,SUB,3,75,70,61,71,39,70,8,7,9,8,9,
T. Băluță,71,4000000,22,RES,2,60,49,57,50,69,35,7,5,10,6,10,
F. Benković,71,2700000,23,RES,2,63,44,55,56,70,52,15,8,6,10,8,
N. Collins,71,3800000,20,SUB,2,65,26,53,57,71,56,9,10,6,13,9,
João Pedro,71,4500000,19,SUB,3,78,68,59,74,22,75,7,6,10,8,14,
L. Thomas,71,3900000,20,SUB,2,77,42,63,67,67,67,12,7,10,11,12,
J. Ruddy,70,275000,34,SUB,1,,,,,,11,70,66,72,70,71,40
M. Gillespie,70,1300000,29,RES,1,,,,,,17,72,66,66,71,73,34
D. Bachmann,70,1600000,26,GK,1,,,,,,14,69,67,68,65,71,45
J. Jeanvier,70,1400000,28,RES,2,68,35,49,54,69,45,16,8,15,9,9,
L. Baker,70,2000000,26,RES,3,67,67,71,71,64,70,8,15,12,8,6,
S. Ghoddos,70,1700000,27,SUB,4,60,72,69,71,49,69,10,11,6,13,9,
J. Sørensen,70,2400000,23,SUB,3,67,55,61,66,68,63,14,9,14,11,6,
S. Alzate,70,3600000,22,SUB,3,70,59,67,75,62,76,9,6,6,7,6,
A. Connolly,70,3300000,21,SUB,2,75,70,50,71,20,69,12,8,12,13,12,
J. Moder,70,3700000,22,SUB,2,68,70,68,68,65,68,15,14,14,13,6,
M. Kilman,70,3300000,24,RCB,2,58,42,59,62,70,62,11,11,5,9,12,
Nuno Tavares,70,3400000,21,SUB,3,86,52,64,72,61,71,8,13,6,12,13,
Fábio Silva,70,3700000,18,SUB,3,73,70,46,72,22,73,6,12,7,13,8,
A. Broja,70,3800000,19,SUB,3,75,68,53,70,29,72,9,7,15,8,9,
R. Elliot,69,150000,35,RES,1,,,,,,15,70,65,74,69,70,39
A. Fletcher,69,2000000,25,SUB,3,73,69,44,67,29,68,14,8,12,8,8,
K. Davis,69,2200000,23,RES,3,65,65,53,67,42,66,7,14,9,9,5,
P. Płacheta,69,3100000,23,RES,3,93,60,60,69,39,66,13,8,13,7,14,
N. Ferguson,69,2900000,20,RES,2,64,36,54,64,68,64,8,9,10,13,11,
K. Scherpen,69,3000000,21,SUB,1,,,,,,12,69,66,66,69,70,41
J. Shackleton,69,3100000,21,SUB,3,80,46,67,73,62,71,14,14,11,9,11,
J. Ngakia,69,3200000,20,SUB,2,73,28,50,65,67,67,13,14,9,13,14,
M. Sørensen,68,2500000,22,SUB,2,56,34,53,59,69,55,6,13,12,14,11,
M. Forss,68,2700000,22,SUB,2,74,69,44,64,39,64,14,11,7,10,9,
B. Johnson,68,2600000,21,SUB,2,74,37,55,64,65,63,10,10,15,12,9,
N. Williams,68,2800000,20,RES,2,74,36,61,68,63,66,10,11,7,14,15,
J. Ramsey,68,2900000,20,LCM,3,67,58,62,71,44,73,14,9,8,6,12,
C. Summerville,68,2900000,19,SUB,3,88,61,59,70,24,70,9,9,15,11,10,
A. Diallo,68,3100000,18,RES,3,81,63,57,74,25,74,13,15,8,11,6,
S. Carson,67,110000,35,RES,1,,,,,,17,66,67,65,70,64,35
M. McGovern,67,110000,36,RES,1,,,,,,10,68,65,64,67,69,32
C. Goode,67,1300000,25,SUB,2,53,32,48,55,66,54,11,9,8,7,9,
M. Roerslev,67,2200000,22,SUB,3,75,39,59,64,60,63,13,12,14,8,12,
C. Kelleher,67,2200000,22,SUB,1,,,,,,10,67,63,67,64,70,40
J. Clarke,67,2500000,20,RES,3,75,60,61,71,25,73,9,10,9,6,10,
A. Gordon,67,2500000,20,SUB,3,79,61,60,70,31,73,5,6,14,7,8,
A. Idah,67,2500000,20,SUB,2,72,68,42,64,22,64,12,13,9,10,6,
S. Muñoz,67,2600000,18,RES,3,75,63,60,71,25,71,5,7,12,8,5,
A. Omobamidele,67,2300000,19,SUB,2,71,26,46,56,68,55,8,10,7,8,7,
J. Steele,66,575000,30,RES,1,,,,,,12,64,66,70,67,64,35
N. Tella,66,2100000,21,SUB,3,86,57,56,69,31,70,9,6,8,12,6,
W. Smallbone,66,1900000,21,SUB,3,67,62,64,72,57,72,13,6,9,8,8,
S. Baptiste,66,1900000,23,SUB,3,65,52,62,70,64,71,5,13,10,15,14,
T. Richards,66,2100000,20,SUB,3,73,62,63,68,51,68,13,10,13,9,12,
J. Gelhardt,66,2200000,19,RES,3,73,66,57,69,27,69,6,13,6,10,12,
J. Branthwaite,66,2100000,19,RES,2,63,29,45,47,66,37,10,9,11,12,10,
Kayky,66,2700000,18,RES,3,82,58,57,72,28,73,14,14,13,14,9,
L. Grant,65,80000,38,RES,1,,,,,,11,65,67,69,64,63,39
D. Martin,65,80000,35,RES,1,,,,,,16,65,62,66,65,64,40
J. Valencia,65,775000,26,SUB,3,80,61,60,66,42,63,14,13,9,15,13,
R. Matthews,65,650000,27,RES,1,,,,,,22,65,62,63,64,66,45
W. Norris,65,650000,27,RES,1,,,,,,12,67,62,60,63,67,44
R. Bushiri,65,1500000,21,RES,2,65,26,37,43,63,33,13,13,8,5,11,
B. Mumba,65,1600000,19,RES,2,75,45,58,70,62,71,14,9,8,11,14,
K. Hoever,65,1600000,19,SUB,2,70,36,59,64,62,64,15,8,5,14,12,
E. Simms,65,1700000,20,RES,3,74,65,52,63,25,61,13,10,14,11,9,
S. Greenwood,65,1900000,19,SUB,2,69,65,58,66,33,65,10,13,11,11,7,
A. Elanga,65,1700000,19,RES,3,81,60,58,68,29,68,13,5,13,8,10,
M. Peart-Harris,65,1700000,18,RES,2,72,64,64,64,41,64,6,7,12,13,13,
E. Jakupović,64,60000,36,RES,1,,,,,,11,64,66,64,64,60,29
A. Lonergan,64,60000,37,RES,1,,,,,,11,63,62,52,65,66,40
J. Jach,64,675000,27,RES,2,58,45,51,55,62,53,8,6,16,8,14,
L. Bolton,64,1100000,21,RES,3,81,51,59,64,59,64,12,6,9,11,6,
K. Klaesson,64,1200000,20,SUB,1,,,,,,19,65,59,62,63,69,34
M. Bidstrup,64,1300000,20,RES,3,63,52,64,66,61,62,11,14,11,6,13,
F. Balogun,64,1500000,19,SUB,3,74,63,45,63,21,61,10,12,12,13,10,
T. Mengi,64,1400000,19,RES,2,78,39,54,59,63,57,11,8,11,5,10,
Y. Mosquera,64,1400000,20,SUB,2,71,22,38,45,64,28,8,7,8,10,8,
C. Palmer,64,1600000,19,SUB,4,77,58,60,68,45,68,7,6,10,14,14,
L. Delap,64,1900000,18,SUB,2,76,64,47,61,24,60,8,9,10,11,10,
J. Braaf,64,1600000,18,RES,4,83,60,57,66,40,63,8,11,13,14,12,
S. McQueen,63,575000,26,RES,3,61,48,61,64,64,63,12,12,12,7,9,
T. Uwakwe,63,1100000,21,RES,3,74,52,55,57,57,57,10,9,14,13,10,
J. Eppiah,63,975000,22,RES,2,74,62,52,67,29,70,10,12,11,10,12,
D. Thompson,63,1100000,20,RES,2,79,39,52,57,58,53,12,13,6,7,9,
K. John,63,1100000,20,RES,2,69,43,54,62,60,57,6,11,9,13,9,
C. Cresswell,63,1100000,18,SUB,2,52,27,48,49,63,44,11,11,13,10,11,
C. Drameh,63,1200000,19,SUB,2,78,35,52,62,56,63,13,8,8,13,10,
C. Chukwuemeka,63,1500000,17,SUB,4,62,53,62,67,44,68,12,12,9,11,10,
D. Scarlett,63,1500000,17,SUB,3,72,62,46,60,20,57,12,8,7,5,14,
L. Bate,63,1300000,18,RES,3,71,49,66,65,54,62,10,9,7,6,10,
H. Lewis,62,775000,23,RES,1,,,,,,16,64,59,57,60,64,32
Bruno Jordão,62,900000,22,SUB,3,64,55,60,68,49,69,9,11,6,6,7,
M. Shabani,62,900000,22,RES,3,68,54,62,65,35,65,5,8,11,8,15,
L. Racic,62,825000,22,RES,2,59,26,39,51,62,47,10,10,8,7,10,
J. Žambůrek,62,950000,20,RES,2,62,46,60,65,41,63,6,9,11,13,7,
H. White,62,975000,19,RES,3,69,56,65,64,57,61,13,13,12,9,13,
L. Matheson,62,975000,18,RES,3,76,36,53,61,55,57,11,9,6,11,8,
R. Astley,62,975000,19,RES,2,51,34,52,49,64,44,8,14,6,14,8,
A. Glennon,62,850000,21,RES,2,70,48,53,61,57,59,10,7,7,5,12,
E. Anderson,62,1000000,18,RES,2,66,62,59,65,35,66,6,12,5,10,7,
H. Mejbri,62,1300000,18,RES,3,69,51,61,64,52,64,9,5,10,11,7,
J. Ideho,62,900000,17,RES,2,82,49,56,65,34,67,5,9,10,7,8,
C. Cîrjan,62,1000000,18,RES,3,63,54,65,66,44,65,10,13,14,12,13,
S. Shoretire,62,1200000,17,RES,3,72,56,56,66,37,64,7,7,8,5,9,
L. Mbete,62,1000000,17,RES,2,65,32,47,57,61,56,6,14,10,9,7,
T. Livramento,62,975000,18,RB,2,79,46,56,58,56,58,10,12,8,13,13,
R. Lavia,62,1200000,17,RES,2,58,41,52,59,62,55,7,7,5,11,13,
S. Edozie,62,1100000,18,SUB,3,75,55,55,65,28,67,13,11,10,7,9,
M. Fagan-Walcott,61,800000,19,RES,2,64,29,44,49,59,44,14,14,11,13,13,
A. Okonkwo,61,750000,19,RES,1,,,,,,9,60,58,54,62,63,44
J. Jenkins,61,800000,19,RES,2,69,37,56,61,55,58,14,13,12,7,9,
B. Thomas,61,750000,20,RES,2,55,32,41,44,62,40,13,14,6,8,14,
T. Akinola,61,825000,20,RES,2,71,50,55,59,58,59,14,10,14,11,14,
Z. Monlouis,61,625000,17,RES,2,61,31,43,48,63,50,7,5,10,11,5,
R. Street,61,775000,19,RES,2,56,62,45,57,29,58,11,12,6,15,13,
N. John,61,825000,18,RES,2,62,56,58,66,39,67,7,8,6,8,6,
L. Richardson,61,775000,18,SUB,2,67,60,47,63,26,62,10,6,7,9,12,
S. McGurk,61,825000,18,RES,2,72,59,60,61,43,59,5,11,7,7,5,
R. Savage,61,725000,19,RES,2,65,31,51,51,62,45,8,10,13,9,14,
J. Rak-Sakyi,61,825000,18,RES,3,69,61,57,64,24,64,13,9,5,12,14,
J. McAtee,61,825000,18,RES,2,63,59,58,66,40,69,12,6,6,10,11,
N. Kirby,60,600000,21,RES,3,71,47,56,64,36,61,13,7,6,8,10,
G. McEachran,60,600000,20,RES,3,61,45,63,64,49,61,8,14,7,10,5,
R. Cassidy,60,550000,20,RES,3,74,59,47,60,23,57,10,9,14,12,10,
A. Gomez Mancini,60,600000,20,RES,3,62,54,60,61,57,60,13,15,14,8,9,
J. Olayinka,60,600000,20,RES,3,79,60,58,64,47,62,5,10,6,9,8,
Joel López,60,600000,19,RES,2,71,36,43,58,56,57,10,14,11,12,9,
L. Hjelde,60,575000,17,RES,2,68,32,51,54,60,54,10,13,11,9,8,
K. Baah,60,675000,18,RES,3,85,55,51,63,31,62,10,6,14,7,14,
D. Hoogewerf,60,625000,18,RES,2,79,58,51,62,25,59,12,5,8,14,6,
C. Watts,60,625000,19,RES,2,62,52,62,65,46,65,12,15,8,7,15,
M. Thompson,60,600000,19,RES,2,66,59,48,58,26,55,10,8,13,12,8,
V. Daley-Campbell,60,575000,20,RES,2,69,40,49,54,55,56,11,11,13,8,13,
O. Bosworth,60,575000,19,RES,1,,,,,,7,63,60,60,60,65,50
T. Suengchitthawon,60,600000,21,RES,2,66,54,59,66,40,64,13,15,9,11,8,
J. Philogene-Bidace,60,700000,19,SUB,3,67,58,57,61,30,63,8,6,8,12,13,
A. Miller,60,625000,18,RES,2,82,55,48,60,31,62,10,8,8,6,7,
D. Touré,60,775000,18,RES,2,87,62,43,65,17,62,15,6,12,10,10,
T. Onyango,60,775000,18,RES,2,62,46,59,56,52,58,15,6,7,6,9,
A. Tsoungui,60,600000,18,SUB,2,59,34,34,39,60,37,13,8,12,12,12,
M. Paskotsi,60,650000,18,RES,3,67,36,50,57,58,61,15,6,13,12,14,
J. Norris,60,600000,18,RES,2,72,35,51,50,57,54,10,9,12,7,14,
J. Bedeau,59,525000,21,RES,2,71,37,46,53,57,51,10,6,7,14,8,
J. Russell,59,500000,20,RES,2,65,52,57,59,55,60,8,10,10,10,15,
L. McCarron,59,575000,20,RES,2,80,52,53,60,49,59,11,14,14,12,7,
U. Eneme-Ella,59,500000,20,RES,3,64,50,56,63,40,64,13,10,8,9,12,
A. Okoflex,59,575000,19,RES,3,77,57,50,66,25,65,13,8,5,9,15,
S. Banks,59,575000,19,RES,3,73,57,57,61,32,63,14,12,6,12,7,
H. Wise,59,500000,21,RES,2,59,48,59,58,53,58,8,9,7,6,7,
C. Wiggett,59,700000,18,RES,2,58,36,37,57,62,68,7,12,8,10,6,
J. Brooking,59,575000,18,RES,2,59,29,36,41,62,37,8,12,8,13,9,
D. van den Heuvel,59,550000,18,RES,1,,,,,,10,61,59,61,56,59,20
H. Ashby,59,500000,19,RES,2,73,37,46,53,53,52,6,11,7,14,13,
F. Stevens,59,550000,18,RES,2,63,44,53,58,56,56,10,11,6,11,14,
M. Haygarth,59,575000,19,RES,3,72,53,52,63,28,62,12,6,8,10,12,
Hugo Bueno,59,700000,18,RES,2,60,37,46,60,56,65,9,12,13,6,11,
M. Bondswell,59,500000,19,RES,2,66,32,52,53,57,48,6,12,13,7,11,
J. Sarmiento,59,525000,19,RES,2,76,58,53,61,29,64,12,9,13,14,12,
O. Offiah,59,575000,18,RES,2,64,33,39,56,61,66,14,15,9,7,13,
R. Harker,58,450000,21,RES,2,66,58,41,57,27,54,9,11,14,12,13,
L. Gordon,58,425000,20,RES,2,78,41,48,56,51,54,9,14,8,12,8,
M. Sangare,58,450000,22,RES,2,64,49,54,59,56,60,13,12,10,12,5,
A. Reghba,58,500000,21,RES,3,68,57,54,60,25,59,13,12,13,13,6,
D. Markanday,58,525000,19,RES,3,73,49,54,62,24,64,14,14,7,8,11,
M. Lavinier,58,525000,20,RES,2,59,39,45,51,56,49,10,10,7,13,7,
A. Mair,58,475000,20,RES,1,,,,,,9,59,57,56,56,58,45
J. Young,58,525000,20,RES,2,62,47,58,61,50,59,7,7,12,6,14,
D. Langley,58,475000,20,RES,1,,,,,,14,59,58,54,59,58,25
C. Campbell,58,550000,18,RES,4,70,53,55,64,41,63,11,11,12,7,7,
M. Helm,58,475000,19,RES,2,68,55,55,59,37,58,11,10,6,13,9,
Christian Marques,58,625000,18,RES,2,51,37,52,48,59,45,15,15,7,11,7,
C. Archer,58,525000,19,RES,2,58,59,49,56,22,55,5,6,12,6,14,
H. Roberts,58,500000,19,RES,2,72,44,53,54,57,52,14,14,12,13,12,
K. Chauke,58,525000,18,RES,2,71,47,55,61,37,60,15,5,6,9,8,
A. Moran,58,650000,17,RES,3,62,54,54,63,39,59,12,15,14,13,15,
L. Bogarde,58,600000,17,RES,2,60,44,52,59,57,58,9,10,11,13,10,
T. Small,58,475000,16,RES,2,77,31,41,56,53,56,5,6,13,11,13,
A. Alese,57,375000,20,RES,2,71,35,39,46,56,42,14,6,14,10,6,
E. Dixon-Bonner,57,400000,20,RES,2,64,51,56,61,53,59,11,7,5,6,15,
Iker Pozo,57,375000,20,RES,2,66,44,56,56,51,52,9,10,9,7,13,
B. Lyons-Foster,57,400000,20,RES,2,57,28,40,40,57,32,6,10,9,8,6,
M. Boyes,57,375000,20,RES,2,65,36,49,58,57,56,6,5,7,10,6,
E. Iversen,57,400000,20,RES,2,62,46,55,57,55,57,13,13,11,5,10,
T. Clayton,57,400000,20,RES,2,61,32,40,45,57,40,6,14,8,12,6,
T. Dickson-Peters,57,375000,18,RES,2,69,60,43,57,20,57,13,7,6,12,14,
B. Koumetio,57,500000,18,RES,2,53,32,41,36,58,31,14,11,6,14,9,
F. Clarke,57,425000,18,RES,2,71,48,53,58,29,55,10,11,11,6,11,
C. Chukwuemeka,57,425000,19,RES,3,86,54,47,59,17,60,10,12,13,10,11,
Marcelo Pitaluga,57,475000,18,RES,1,,,,,,12,60,50,52,56,64,34
J. Baptiste,57,500000,17,RES,2,63,31,44,43,56,39,11,14,13,13,7,
J. Montes,57,325000,22,RES,2,63,49,54,57,51,58,5,14,7,10,9,
O. Olufunwa,57,325000,19,RES,2,69,33,46,51,52,52,11,15,12,9,11,
L. Dobbin,57,425000,18,RES,2,74,57,48,59,20,58,7,13,6,6,6,
A. Devine,57,500000,16,RES,2,64,46,56,59,51,60,8,7,13,12,13,
H. Lindley,57,350000,18,RES,2,68,46,55,55,53,55,10,12,10,6,15,
Mésaque Djú,56,325000,22,RES,3,72,51,46,58,27,57,7,13,7,9,10,
D. Simeu,56,350000,19,RES,2,62,28,39,45,55,43,14,12,8,9,8,
P. Ekwah Elimby,56,350000,19,RES,2,60,33,49,50,55,49,14,14,15,12,8,
A. Tchaptchet,56,350000,19,RES,2,57,31,35,37,58,32,7,10,14,8,12,
M. Pochettino,56,375000,20,RES,3,76,49,52,55,32,57,11,10,6,10,13,
S. Swinkels,56,375000,17,RES,2,61,31,37,37,56,32,14,10,6,10,13,
O. Dodgson,56,325000,18,RES,2,63,36,47,55,52,56,6,11,13,9,9,
Bernardo Rosa,55,300000,20,RES,3,64,44,53,60,45,60,12,14,6,9,14,
S. McClelland,55,300000,19,RES,2,51,32,36,38,56,35,10,9,5,12,10,
Z. Emmerson,55,325000,16,RES,2,72,52,47,58,21,58,7,13,9,6,6,
L. Gibbs,55,325000,18,RES,2,67,49,53,56,48,53,7,8,5,15,10,
V. Sinisalo,55,250000,19,RES,1,,,,,,11,57,54,57,51,60,24
R. Finnigan,55,325000,17,RES,2,63,47,55,57,47,59,11,14,14,12,7,
J. Hodge,55,300000,18,RES,2,59,45,54,58,48,54,12,8,5,15,8,
J. McCracken,54,230000,21,RES,1,,,,,,7,55,56,57,56,55,32
J. Furlong,54,275000,19,RES,2,62,29,44,50,52,50,12,8,9,10,14,
L. Richards,54,275000,19,RES,2,61,41,49,50,52,47,14,5,15,12,6,
L. Cundle,54,300000,19,RES,2,61,51,54,58,46,55,14,12,6,6,13,
C. Carty,54,250000,19,RES,2,65,54,46,53,23,51,15,10,14,7,9,
L. Bergström,54,275000,18,RES,1,,,,,,8,57,55,56,50,56,23
R. Hannam,53,240000,20,RES,2,64,34,44,51,49,49,9,14,8,7,14,
B. Chrisene,53,275000,17,RES,3,69,42,53,59,44,58,5,6,10,9,12,
O. Ashley,52,200000,21,RES,2,71,43,50,53,40,53,12,6,14,13,11,
P. Estrada,51,130000,19,RES,3,62,43,49,53,50,51,9,9,12,6,7,
O. Webber,51,130000,21,RES,1,,,,,,9,53,52,49,47,54,24
